season,week,date,weekday,kickoff_et,away_team,home_team,away_score,home_score,home_spread,total,ats_winner,over_under,roof,division_game,stadium
2021,1,2021-09-09,Thursday,20:20,DAL,TB,29,31,-10.0,52.5,DAL,Over,outdoors,0,Raymond James Stadium
2021,1,2021-09-12,Sunday,13:00,PHI,ATL,32,6,-3.5,49.0,PHI,Under,open,0,Mercedes-Benz Stadium
2021,1,2021-09-12,Sunday,13:00,PIT,BUF,23,16,-6.5,48.0,PIT,Under,outdoors,0,New Era Field
2021,1,2021-09-12,Sunday,13:00,NYJ,CAR,14,19,-3.5,44.5,CAR,Under,outdoors,0,Bank of America Stadium
2021,1,2021-09-12,Sunday,13:00,MIN,CIN,24,27,3.0,47.0,CIN,Over,outdoors,0,Paul Brown Stadium
2021,1,2021-09-12,Sunday,13:00,SF,DET,41,33,9.5,46.0,DET,Over,dome,0,Ford Field
2021,1,2021-09-12,Sunday,13:00,JAX,HOU,21,37,3.5,45.5,HOU,Over,closed,1,NRG Stadium
2021,1,2021-09-12,Sunday,13:00,SEA,IND,28,16,3.0,49.0,SEA,Under,closed,0,Lucas Oil Stadium
2021,1,2021-09-12,Sunday,13:00,ARI,TEN,38,13,-2.5,54.0,ARI,Under,outdoors,0,Nissan Stadium
2021,1,2021-09-12,Sunday,13:00,LAC,WAS,20,16,-2.5,45.5,LAC,Under,outdoors,0,FedExField
2021,1,2021-09-12,Sunday,16:25,CLE,KC,29,33,-5.5,54.5,CLE,Over,outdoors,0,GEHA Field at Arrowhead Stadium
2021,1,2021-09-12,Sunday,16:25,MIA,NE,17,16,-3.5,43.5,MIA,Under,outdoors,1,Gillette Stadium
2021,1,2021-09-12,Sunday,16:25,GB,NO,3,38,4.0,49.0,NO,Under,outdoors,0,TIAA Bank Stadium
2021,1,2021-09-12,Sunday,16:25,DEN,NYG,27,13,3.0,41.5,DEN,Under,outdoors,0,MetLife Stadium
2021,1,2021-09-12,Sunday,20:20,CHI,LA,14,34,-9.5,46.0,LA,Over,dome,0,SoFi Stadium
2021,1,2021-09-13,Monday,20:15,BAL,LV,27,33,3.0,50.5,LV,Over,dome,0,Allegiant Stadium
2021,2,2021-09-16,Thursday,20:20,NYG,WAS,29,30,-4.0,42.0,NYG,Over,outdoors,1,FedExField
2021,2,2021-09-19,Sunday,13:00,NO,CAR,7,26,3.0,45.0,CAR,Under,outdoors,1,Bank of America Stadium
2021,2,2021-09-19,Sunday,13:00,CIN,CHI,17,20,-2.0,44.5,CHI,Under,outdoors,0,Soldier Field
2021,2,2021-09-19,Sunday,13:00,HOU,CLE,21,31,-13.5,48.5,HOU,Over,outdoors,0,FirstEnergy Stadium
2021,2,2021-09-19,Sunday,13:00,LA,IND,27,24,4.0,48.0,IND,Over,closed,0,Lucas Oil Stadium
2021,2,2021-09-19,Sunday,13:00,DEN,JAX,23,13,6.0,45.0,DEN,Under,outdoors,0,TIAA Bank Stadium
2021,2,2021-09-19,Sunday,13:00,BUF,MIA,35,0,3.5,48.0,BUF,Under,outdoors,1,Hard Rock Stadium
2021,2,2021-09-19,Sunday,13:00,NE,NYJ,25,6,5.5,43.0,NE,Under,outdoors,1,MetLife Stadium
2021,2,2021-09-19,Sunday,13:00,SF,PHI,17,11,3.0,49.0,SF,Under,outdoors,0,Lincoln Financial Field
2021,2,2021-09-19,Sunday,13:00,LV,PIT,26,17,-5.5,46.5,LV,Under,outdoors,0,Heinz Field
2021,2,2021-09-19,Sunday,16:05,MIN,ARI,33,34,-4.0,51.0,MIN,Over,closed,0,State Farm Stadium
2021,2,2021-09-19,Sunday,16:05,ATL,TB,25,48,-13.5,52.0,TB,Over,outdoors,1,Raymond James Stadium
2021,2,2021-09-19,Sunday,16:25,DAL,LAC,20,17,-3.0,55.0,DAL,Under,dome,0,SoFi Stadium
2021,2,2021-09-19,Sunday,16:25,TEN,SEA,33,30,-6.5,53.5,TEN,Over,outdoors,0,Lumen Field
2021,2,2021-09-19,Sunday,20:20,KC,BAL,35,36,3.5,53.5,BAL,Over,outdoors,0,M&T Bank Stadium
2021,2,2021-09-20,Monday,20:15,DET,GB,17,35,-11.5,49.5,GB,Over,outdoors,1,Lambeau Field
2021,3,2021-09-23,Thursday,20:20,CAR,HOU,24,9,8.0,43.0,CAR,Under,closed,0,NRG Stadium
2021,3,2021-09-26,Sunday,13:00,WAS,BUF,21,43,-7.5,45.5,BUF,Over,outdoors,0,New Era Field
2021,3,2021-09-26,Sunday,13:00,CHI,CLE,6,26,-7.5,45.0,CLE,Under,outdoors,0,FirstEnergy Stadium
2021,3,2021-09-26,Sunday,13:00,BAL,DET,19,17,7.5,51.0,DET,Under,dome,0,Ford Field
2021,3,2021-09-26,Sunday,13:00,ARI,JAX,31,19,8.0,51.5,ARI,Under,outdoors,0,TIAA Bank Stadium
2021,3,2021-09-26,Sunday,13:00,LAC,KC,30,24,-6.5,55.0,LAC,Under,outdoors,1,GEHA Field at Arrowhead Stadium
2021,3,2021-09-26,Sunday,13:00,NO,NE,28,13,-3.0,44.0,NO,Under,outdoors,0,Gillette Stadium
2021,3,2021-09-26,Sunday,13:00,ATL,NYG,17,14,-3.0,48.0,ATL,Under,outdoors,0,MetLife Stadium
2021,3,2021-09-26,Sunday,13:00,CIN,PIT,24,10,-2.5,42.5,CIN,Under,outdoors,1,Heinz Field
2021,3,2021-09-26,Sunday,13:00,IND,TEN,16,25,-4.5,47.0,TEN,Under,outdoors,1,Nissan Stadium
2021,3,2021-09-26,Sunday,16:05,NYJ,DEN,0,26,-10.5,42.0,DEN,Under,outdoors,0,Empower Field at Mile High
2021,3,2021-09-26,Sunday,16:05,MIA,LV,28,31,-4.0,45.0,MIA,Over,dome,0,Allegiant Stadium
2021,3,2021-09-26,Sunday,16:25,TB,LA,24,34,1.0,55.0,LA,Over,dome,0,SoFi Stadium
2021,3,2021-09-26,Sunday,16:25,SEA,MIN,17,30,2.0,53.5,MIN,Under,dome,0,U.S. Bank Stadium
2021,3,2021-09-26,Sunday,20:20,GB,SF,30,28,-3.5,50.5,GB,Over,outdoors,0,Levi's Stadium
2021,3,2021-09-27,Monday,20:15,PHI,DAL,21,41,-3.5,51.5,DAL,Over,open,1,AT&T Stadium
2021,4,2021-09-30,Thursday,20:20,JAX,CIN,21,24,-7.5,46.0,JAX,Under,outdoors,0,Paul Brown Stadium
2021,4,2021-10-03,Sunday,13:00,WAS,ATL,34,30,1.0,47.5,WAS,Over,open,0,Mercedes-Benz Stadium
2021,4,2021-10-03,Sunday,13:00,HOU,BUF,0,40,-19.0,47.5,BUF,Under,outdoors,0,New Era Field
2021,4,2021-10-03,Sunday,13:00,DET,CHI,14,24,-3.0,42.0,CHI,Under,outdoors,1,Soldier Field
2021,4,2021-10-03,Sunday,13:00,CAR,DAL,28,36,-4.5,51.5,DAL,Over,closed,0,AT&T Stadium
2021,4,2021-10-03,Sunday,13:00,IND,MIA,27,17,-2.5,41.5,IND,Over,outdoors,0,Hard Rock Stadium
2021,4,2021-10-03,Sunday,13:00,CLE,MIN,14,7,1.0,52.0,CLE,Under,dome,0,U.S. Bank Stadium
2021,4,2021-10-03,Sunday,13:00,NYG,NO,27,21,-7.5,43.0,NYG,Over,dome,0,Mercedes-Benz Superdome
2021,4,2021-10-03,Sunday,13:00,TEN,NYJ,24,27,5.5,44.5,NYJ,Over,outdoors,0,MetLife Stadium
2021,4,2021-10-03,Sunday,13:00,KC,PHI,42,30,7.5,53.5,KC,Over,outdoors,0,Lincoln Financial Field
2021,4,2021-10-03,Sunday,16:05,ARI,LA,37,20,-3.5,53.5,ARI,Over,dome,1,SoFi Stadium
2021,4,2021-10-03,Sunday,16:05,SEA,SF,28,21,-2.5,52.0,SEA,Under,outdoors,1,Levi's Stadium
2021,4,2021-10-03,Sunday,16:25,BAL,DEN,23,7,-1.0,44.0,BAL,Under,outdoors,0,Empower Field at Mile High
2021,4,2021-10-03,Sunday,16:25,PIT,GB,17,27,-6.5,45.0,GB,Under,outdoors,0,Lambeau Field
2021,4,2021-10-03,Sunday,20:20,TB,NE,19,17,6.0,49.5,NE,Under,outdoors,0,Gillette Stadium
2021,4,2021-10-04,Monday,20:15,LV,LAC,14,28,-3.0,52.0,LAC,Under,dome,1,SoFi Stadium
2021,5,2021-10-07,Thursday,20:20,LA,SEA,26,17,2.5,53.5,LA,Under,outdoors,1,Lumen Field
2021,5,2021-10-10,Sunday,09:30,NYJ,ATL,20,27,-3.0,45.5,ATL,Over,outdoors,0,Tottenham Stadium
2021,5,2021-10-10,Sunday,13:00,PHI,CAR,21,18,-2.5,46.0,PHI,Under,outdoors,0,Bank of America Stadium
2021,5,2021-10-10,Sunday,13:00,GB,CIN,25,22,2.0,50.0,GB,Under,outdoors,0,Paul Brown Stadium
2021,5,2021-10-10,Sunday,13:00,NE,HOU,25,22,8.0,39.5,HOU,Over,closed,0,NRG Stadium
2021,5,2021-10-10,Sunday,13:00,TEN,JAX,37,19,4.0,49.0,TEN,Over,outdoors,1,TIAA Bank Stadium
2021,5,2021-10-10,Sunday,13:00,DET,MIN,17,19,-10.0,49.5,DET,Under,dome,1,U.S. Bank Stadium
2021,5,2021-10-10,Sunday,13:00,DEN,PIT,19,27,2.0,40.0,PIT,Over,outdoors,0,Heinz Field
2021,5,2021-10-10,Sunday,13:00,MIA,TB,17,45,-11.0,48.0,TB,Over,outdoors,0,Raymond James Stadium
2021,5,2021-10-10,Sunday,13:00,NO,WAS,33,22,2.5,43.5,NO,Over,outdoors,0,FedExField
2021,5,2021-10-10,Sunday,16:05,CLE,LAC,42,47,-2.5,46.5,LAC,Over,dome,0,SoFi Stadium
2021,5,2021-10-10,Sunday,16:05,CHI,LV,20,9,-5.5,46.0,CHI,Under,dome,0,Allegiant Stadium
2021,5,2021-10-10,Sunday,16:25,SF,ARI,10,17,-6.0,48.5,ARI,Under,closed,1,State Farm Stadium
2021,5,2021-10-10,Sunday,16:25,NYG,DAL,20,44,-7.5,53.0,DAL,Over,closed,1,AT&T Stadium
2021,5,2021-10-10,Sunday,20:20,BUF,KC,38,20,-2.5,57.0,BUF,Over,outdoors,0,GEHA Field at Arrowhead Stadium
2021,5,2021-10-11,Monday,20:15,IND,BAL,25,31,-7.5,46.5,IND,Over,outdoors,0,M&T Bank Stadium
2021,6,2021-10-14,Thursday,20:20,TB,PHI,28,22,7.0,53.0,PHI,Under,outdoors,0,Lincoln Financial Field
2021,6,2021-10-17,Sunday,09:30,MIA,JAX,20,23,2.5,47.5,JAX,Under,outdoors,0,Tottenham Stadium
2021,6,2021-10-17,Sunday,13:00,LAC,BAL,6,34,-3.0,50.5,BAL,Under,outdoors,0,M&T Bank Stadium
2021,6,2021-10-17,Sunday,13:00,MIN,CAR,34,28,2.5,45.5,MIN,Over,outdoors,0,Bank of America Stadium
2021,6,2021-10-17,Sunday,13:00,GB,CHI,24,14,5.5,44.0,GB,Under,outdoors,1,Soldier Field
2021,6,2021-10-17,Sunday,13:00,CIN,DET,34,11,3.5,46.5,CIN,Under,dome,0,Ford Field
2021,6,2021-10-17,Sunday,13:00,HOU,IND,3,31,-10.5,43.5,IND,Under,open,1,Lucas Oil Stadium
2021,6,2021-10-17,Sunday,13:00,LA,NYG,38,11,7.5,49.5,LA,Under,outdoors,0,MetLife Stadium
2021,6,2021-10-17,Sunday,13:00,KC,WAS,31,13,6.0,54.0,KC,Under,outdoors,0,FedExField
2021,6,2021-10-17,Sunday,16:05,ARI,CLE,37,14,-3.0,48.0,ARI,Over,outdoors,0,FirstEnergy Stadium
2021,6,2021-10-17,Sunday,16:25,LV,DEN,34,24,-5.0,45.5,LV,Over,outdoors,1,Empower Field at Mile High
2021,6,2021-10-17,Sunday,16:25,DAL,NE,35,29,3.5,50.5,DAL,Over,outdoors,0,Gillette Stadium
2021,6,2021-10-17,Sunday,20:20,SEA,PIT,20,23,-5.5,43.0,SEA,Push,outdoors,0,Heinz Field
2021,6,2021-10-18,Monday,20:15,BUF,TEN,31,34,6.0,53.5,TEN,Over,outdoors,0,Nissan Stadium
2021,7,2021-10-21,Thursday,20:20,DEN,CLE,14,17,-2.0,40.5,CLE,Under,outdoors,0,FirstEnergy Stadium
2021,7,2021-10-24,Sunday,13:00,CIN,BAL,41,17,-6.5,45.5,CIN,Over,outdoors,1,M&T Bank Stadium
2021,7,2021-10-24,Sunday,13:00,WAS,GB,10,24,-8.5,48.0,GB,Under,outdoors,0,Lambeau Field
2021,7,2021-10-24,Sunday,13:00,ATL,MIA,30,28,1.5,48.5,ATL,Over,outdoors,0,Hard Rock Stadium
2021,7,2021-10-24,Sunday,13:00,NYJ,NE,13,54,-7.0,43.0,NE,Over,outdoors,1,Gillette Stadium
2021,7,2021-10-24,Sunday,13:00,CAR,NYG,3,25,3.0,42.5,NYG,Under,outdoors,0,MetLife Stadium
2021,7,2021-10-24,Sunday,13:00,KC,TEN,3,27,4.0,57.5,TEN,Under,outdoors,0,Nissan Stadium
2021,7,2021-10-24,Sunday,16:05,DET,LA,19,28,-17.0,51.0,DET,Under,dome,0,SoFi Stadium
2021,7,2021-10-24,Sunday,16:05,PHI,LV,22,33,-1.0,48.0,LV,Over,dome,0,Allegiant Stadium
2021,7,2021-10-24,Sunday,16:25,HOU,ARI,5,31,-20.5,47.0,ARI,Under,closed,0,State Farm Stadium
2021,7,2021-10-24,Sunday,16:25,CHI,TB,3,38,-12.5,47.0,TB,Under,outdoors,0,Raymond James Stadium
2021,7,2021-10-24,Sunday,20:20,IND,SF,30,18,-3.5,41.5,IND,Over,outdoors,0,Levi's Stadium
2021,7,2021-10-25,Monday,20:15,NO,SEA,13,10,6.0,42.0,SEA,Under,outdoors,0,Lumen Field
2021,8,2021-10-28,Thursday,20:20,GB,ARI,24,21,-6.5,51.0,GB,Under,open,0,State Farm Stadium
2021,8,2021-10-31,Sunday,13:00,CAR,ATL,19,13,-2.5,47.0,CAR,Under,open,1,Mercedes-Benz Stadium
2021,8,2021-10-31,Sunday,13:00,MIA,BUF,11,26,-15.0,48.5,PUSH,Under,outdoors,1,New Era Field
2021,8,2021-10-31,Sunday,13:00,SF,CHI,33,22,4.5,40.0,SF,Over,outdoors,0,Soldier Field
2021,8,2021-10-31,Sunday,13:00,PIT,CLE,15,10,-5.5,43.0,PIT,Under,outdoors,1,FirstEnergy Stadium
2021,8,2021-10-31,Sunday,13:00,PHI,DET,44,6,3.0,48.5,PHI,Over,dome,0,Ford Field
2021,8,2021-10-31,Sunday,13:00,LA,HOU,38,22,17.0,47.0,HOU,Over,closed,0,NRG Stadium
2021,8,2021-10-31,Sunday,13:00,TEN,IND,34,31,-3.0,51.0,TEN,Over,open,1,Lucas Oil Stadium
2021,8,2021-10-31,Sunday,13:00,CIN,NYJ,31,34,11.5,43.5,NYJ,Over,outdoors,0,MetLife Stadium
2021,8,2021-10-31,Sunday,16:05,NE,LAC,27,24,-3.5,50.5,NE,Over,dome,0,SoFi Stadium
2021,8,2021-10-31,Sunday,16:05,JAX,SEA,7,31,-4.0,44.0,SEA,Under,outdoors,0,Lumen Field
2021,8,2021-10-31,Sunday,16:25,WAS,DEN,10,17,-4.0,45.0,DEN,Under,outdoors,0,Empower Field at Mile High
2021,8,2021-10-31,Sunday,16:25,TB,NO,27,36,4.0,48.5,NO,Over,dome,1,Mercedes-Benz Superdome
2021,8,2021-10-31,Sunday,20:20,DAL,MIN,20,16,-4.5,49.5,DAL,Under,dome,0,U.S. Bank Stadium
2021,8,2021-11-01,Monday,20:15,NYG,KC,17,20,-10.5,53.0,NYG,Under,outdoors,0,GEHA Field at Arrowhead Stadium
2021,9,2021-11-04,Thursday,20:20,NYJ,IND,30,45,-10.5,46.0,IND,Over,closed,0,Lucas Oil Stadium
2021,9,2021-11-07,Sunday,13:00,MIN,BAL,31,34,-7.5,51.0,MIN,Over,outdoors,0,M&T Bank Stadium
2021,9,2021-11-07,Sunday,13:00,NE,CAR,24,6,3.5,41.5,NE,Under,outdoors,0,Bank of America Stadium
2021,9,2021-11-07,Sunday,13:00,CLE,CIN,41,16,-2.5,47.5,CLE,Over,outdoors,1,Paul Brown Stadium
2021,9,2021-11-07,Sunday,13:00,DEN,DAL,30,16,-10.5,50.0,DEN,Under,closed,0,AT&T Stadium
2021,9,2021-11-07,Sunday,13:00,BUF,JAX,6,9,14.5,48.0,JAX,Under,outdoors,0,TIAA Bank Stadium
2021,9,2021-11-07,Sunday,13:00,HOU,MIA,9,17,-4.0,45.0,MIA,Under,outdoors,0,Hard Rock Stadium
2021,9,2021-11-07,Sunday,13:00,ATL,NO,27,25,-7.0,43.0,ATL,Over,dome,1,Mercedes-Benz Superdome
2021,9,2021-11-07,Sunday,13:00,LV,NYG,16,23,3.0,47.0,NYG,Under,outdoors,0,MetLife Stadium
2021,9,2021-11-07,Sunday,16:05,LAC,PHI,27,24,1.0,49.5,LAC,Over,outdoors,0,Lincoln Financial Field
2021,9,2021-11-07,Sunday,16:25,GB,KC,7,13,-7.0,48.0,GB,Under,outdoors,0,GEHA Field at Arrowhead Stadium
2021,9,2021-11-07,Sunday,16:25,ARI,SF,31,17,-5.5,44.5,ARI,Over,outdoors,1,Levi's Stadium
2021,9,2021-11-07,Sunday,20:20,TEN,LA,28,16,-7.0,53.5,TEN,Under,dome,0,SoFi Stadium
2021,9,2021-11-08,Monday,20:15,CHI,PIT,27,29,-7.0,40.0,CHI,Over,outdoors,0,Heinz Field
2021,10,2021-11-11,Thursday,20:20,BAL,MIA,10,22,8.5,46.5,MIA,Under,outdoors,0,Hard Rock Stadium
2021,10,2021-11-14,Sunday,13:00,ATL,DAL,3,43,-8.0,55.0,DAL,Under,closed,0,AT&T Stadium
2021,10,2021-11-14,Sunday,13:00,JAX,IND,17,23,-10.5,47.5,JAX,Under,closed,1,Lucas Oil Stadium
2021,10,2021-11-14,Sunday,13:00,CLE,NE,7,45,-2.5,45.5,NE,Over,outdoors,0,Gillette Stadium
2021,10,2021-11-14,Sunday,13:00,BUF,NYJ,45,17,13.0,47.0,BUF,Over,outdoors,1,MetLife Stadium
2021,10,2021-11-14,Sunday,13:00,DET,PIT,16,16,-9.0,43.0,DET,Under,outdoors,0,Heinz Field
2021,10,2021-11-14,Sunday,13:00,NO,TEN,21,23,-3.0,44.0,NO,Push,outdoors,0,Nissan Stadium
2021,10,2021-11-14,Sunday,13:00,TB,WAS,19,29,10.0,51.0,WAS,Under,outdoors,0,FedExField
2021,10,2021-11-14,Sunday,16:05,CAR,ARI,34,10,-7.0,42.0,CAR,Over,closed,0,State Farm Stadium
2021,10,2021-11-14,Sunday,16:05,MIN,LAC,27,20,-3.0,53.5,MIN,Under,dome,0,SoFi Stadium
2021,10,2021-11-14,Sunday,16:25,PHI,DEN,30,13,-1.0,44.5,PHI,Under,outdoors,0,Empower Field at Mile High
2021,10,2021-11-14,Sunday,16:25,SEA,GB,0,17,-3.0,49.5,GB,Under,outdoors,0,Lambeau Field
2021,10,2021-11-14,Sunday,20:20,KC,LV,41,14,2.5,53.5,KC,Over,dome,1,Allegiant Stadium
2021,10,2021-11-15,Monday,20:15,LA,SF,10,31,3.5,50.0,SF,Under,outdoors,1,Levi's Stadium
2021,11,2021-11-18,Thursday,20:20,NE,ATL,25,0,7.0,47.5,NE,Under,closed,0,Mercedes-Benz Stadium
2021,11,2021-11-21,Sunday,13:00,IND,BUF,41,15,-7.5,49.5,IND,Over,outdoors,0,New Era Field
2021,11,2021-11-21,Sunday,13:00,WAS,CAR,27,21,-3.5,43.0,WAS,Over,outdoors,0,Bank of America Stadium
2021,11,2021-11-21,Sunday,13:00,BAL,CHI,16,13,5.0,43.0,CHI,Under,outdoors,0,Soldier Field
2021,11,2021-11-21,Sunday,13:00,DET,CLE,10,13,-13.0,42.5,DET,Under,outdoors,0,FirstEnergy Stadium
2021,11,2021-11-21,Sunday,13:00,SF,JAX,30,10,6.5,45.0,SF,Under,outdoors,0,TIAA Bank Stadium
2021,11,2021-11-21,Sunday,13:00,GB,MIN,31,34,1.0,48.0,MIN,Over,dome,1,U.S. Bank Stadium
2021,11,2021-11-21,Sunday,13:00,MIA,NYJ,24,17,3.5,44.5,MIA,Under,outdoors,1,MetLife Stadium
2021,11,2021-11-21,Sunday,13:00,NO,PHI,29,40,-2.5,42.5,PHI,Over,outdoors,0,Lincoln Financial Field
2021,11,2021-11-21,Sunday,13:00,HOU,TEN,22,13,-10.5,44.5,HOU,Under,outdoors,1,Nissan Stadium
2021,11,2021-11-21,Sunday,16:05,CIN,LV,32,13,1.0,50.5,CIN,Under,dome,0,Allegiant Stadium
2021,11,2021-11-21,Sunday,16:25,DAL,KC,9,19,-2.5,56.0,KC,Under,outdoors,0,GEHA Field at Arrowhead Stadium
2021,11,2021-11-21,Sunday,16:25,ARI,SEA,23,13,-2.5,46.0,ARI,Under,outdoors,1,Lumen Field
2021,11,2021-11-21,Sunday,20:20,PIT,LAC,37,41,-5.5,47.5,PIT,Over,dome,0,SoFi Stadium
2021,11,2021-11-22,Monday,20:15,NYG,TB,10,30,-11.5,49.5,TB,Under,outdoors,0,Raymond James Stadium
2021,12,2021-11-25,Thursday,12:30,CHI,DET,16,14,2.0,41.5,PUSH,Under,dome,1,Ford Field
2021,12,2021-11-25,Thursday,16:30,LV,DAL,36,33,-7.0,51.0,LV,Over,closed,0,AT&T Stadium
2021,12,2021-11-25,Thursday,20:20,BUF,NO,31,6,7.0,45.0,BUF,Under,dome,0,Mercedes-Benz Superdome
2021,12,2021-11-28,Sunday,13:00,PIT,CIN,10,41,-3.5,43.5,CIN,Over,outdoors,1,Paul Brown Stadium
2021,12,2021-11-28,Sunday,13:00,NYJ,HOU,21,14,-3.0,44.5,NYJ,Under,closed,0,NRG Stadium
2021,12,2021-11-28,Sunday,13:00,TB,IND,38,31,3.0,53.0,TB,Over,closed,0,Lucas Oil Stadium
2021,12,2021-11-28,Sunday,13:00,ATL,JAX,21,14,1.5,46.0,ATL,Under,outdoors,0,TIAA Bank Stadium
2021,12,2021-11-28,Sunday,13:00,CAR,MIA,10,33,1.0,41.0,MIA,Over,outdoors,0,Hard Rock Stadium
2021,12,2021-11-28,Sunday,13:00,TEN,NE,13,36,-7.5,43.0,NE,Over,outdoors,0,Gillette Stadium
2021,12,2021-11-28,Sunday,13:00,PHI,NYG,7,13,4.0,45.5,NYG,Under,outdoors,1,MetLife Stadium
2021,12,2021-11-28,Sunday,16:05,LAC,DEN,13,28,2.5,47.5,DEN,Under,outdoors,1,Empower Field at Mile High
2021,12,2021-11-28,Sunday,16:25,LA,GB,28,36,2.0,47.0,GB,Over,outdoors,0,Lambeau Field
2021,12,2021-11-28,Sunday,16:25,MIN,SF,26,34,-3.5,49.0,SF,Over,outdoors,0,Levi's Stadium
2021,12,2021-11-28,Sunday,20:20,CLE,BAL,10,16,-3.0,47.0,BAL,Under,outdoors,1,M&T Bank Stadium
2021,12,2021-11-29,Monday,20:15,SEA,WAS,15,17,1.0,47.0,WAS,Under,outdoors,0,FedExField
2021,13,2021-12-02,Thursday,20:20,DAL,NO,27,17,6.0,46.0,DAL,Under,dome,0,Mercedes-Benz Superdome
2021,13,2021-12-05,Sunday,13:00,TB,ATL,30,17,11.0,51.0,TB,Under,closed,1,Mercedes-Benz Stadium
2021,13,2021-12-05,Sunday,13:00,ARI,CHI,33,22,7.5,43.5,ARI,Over,outdoors,0,Soldier Field
2021,13,2021-12-05,Sunday,13:00,LAC,CIN,41,22,-2.5,49.5,LAC,Over,outdoors,0,Paul Brown Stadium
2021,13,2021-12-05,Sunday,13:00,MIN,DET,27,29,7.0,47.5,DET,Over,dome,1,Ford Field
2021,13,2021-12-05,Sunday,13:00,IND,HOU,31,0,10.0,45.5,IND,Under,closed,1,NRG Stadium
2021,13,2021-12-05,Sunday,13:00,NYG,MIA,9,20,-6.5,40.0,MIA,Under,outdoors,0,Hard Rock Stadium
2021,13,2021-12-05,Sunday,13:00,PHI,NYJ,33,18,5.0,44.0,PHI,Over,outdoors,0,MetLife Stadium
2021,13,2021-12-05,Sunday,16:05,JAX,LA,7,37,-14.0,48.0,LA,Under,dome,0,SoFi Stadium
2021,13,2021-12-05,Sunday,16:05,WAS,LV,17,15,-1.0,47.5,WAS,Under,dome,0,Allegiant Stadium
2021,13,2021-12-05,Sunday,16:25,BAL,PIT,19,20,4.0,44.0,PIT,Under,outdoors,1,Heinz Field
2021,13,2021-12-05,Sunday,16:25,SF,SEA,23,30,3.0,44.5,SEA,Over,outdoors,1,Lumen Field
2021,13,2021-12-05,Sunday,20:20,DEN,KC,9,22,-8.5,46.5,KC,Under,outdoors,1,GEHA Field at Arrowhead Stadium
2021,13,2021-12-06,Monday,20:15,NE,BUF,14,10,-3.0,40.0,NE,Under,outdoors,1,New Era Field
2021,14,2021-12-09,Thursday,20:20,PIT,MIN,28,36,-3.5,45.0,MIN,Over,dome,0,U.S. Bank Stadium
2021,14,2021-12-12,Sunday,13:00,ATL,CAR,29,21,-2.5,41.0,ATL,Over,outdoors,1,Bank of America Stadium
2021,14,2021-12-12,Sunday,13:00,BAL,CLE,22,24,-3.0,44.0,BAL,Over,outdoors,1,FirstEnergy Stadium
2021,14,2021-12-12,Sunday,13:00,SEA,HOU,33,13,10.0,40.5,SEA,Over,open,0,NRG Stadium
2021,14,2021-12-12,Sunday,13:00,LV,KC,9,48,-10.0,48.0,KC,Over,outdoors,1,GEHA Field at Arrowhead Stadium
2021,14,2021-12-12,Sunday,13:00,NO,NYJ,30,9,4.5,42.0,NO,Under,outdoors,0,MetLife Stadium
2021,14,2021-12-12,Sunday,13:00,JAX,TEN,0,20,-8.5,44.5,TEN,Under,outdoors,1,Nissan Stadium
2021,14,2021-12-12,Sunday,13:00,DAL,WAS,27,20,6.5,48.0,DAL,Under,outdoors,1,FedExField
2021,14,2021-12-12,Sunday,16:05,DET,DEN,10,38,-13.0,42.0,DEN,Over,outdoors,0,Empower Field at Mile High
2021,14,2021-12-12,Sunday,16:05,NYG,LAC,21,37,-9.5,44.0,LAC,Over,dome,0,SoFi Stadium
2021,14,2021-12-12,Sunday,16:25,SF,CIN,26,23,2.5,49.0,SF,Push,outdoors,0,Paul Brown Stadium
2021,14,2021-12-12,Sunday,16:25,BUF,TB,27,33,-3.5,52.5,TB,Over,outdoors,0,Raymond James Stadium
2021,14,2021-12-12,Sunday,20:20,CHI,GB,30,45,-11.5,43.0,GB,Over,outdoors,1,Lambeau Field
2021,14,2021-12-13,Monday,20:15,LA,ARI,30,23,-3.0,51.0,LA,Over,open,1,State Farm Stadium
2021,15,2021-12-16,Thursday,20:20,KC,LAC,34,28,3.0,54.0,KC,Over,dome,1,SoFi Stadium
2021,15,2021-12-18,Saturday,20:20,NE,IND,17,27,1.0,46.0,IND,Under,closed,0,Lucas Oil Stadium
2021,15,2021-12-19,Sunday,13:00,CAR,BUF,14,31,-14.0,43.0,BUF,Over,outdoors,0,New Era Field
2021,15,2021-12-19,Sunday,13:00,ARI,DET,12,30,13.0,48.0,DET,Under,dome,0,Ford Field
2021,15,2021-12-19,Sunday,13:00,HOU,JAX,30,16,-6.0,40.0,HOU,Over,outdoors,1,TIAA Bank Stadium
2021,15,2021-12-19,Sunday,13:00,NYJ,MIA,24,31,-10.5,42.0,NYJ,Over,outdoors,1,Hard Rock Stadium
2021,15,2021-12-19,Sunday,13:00,DAL,NYG,21,6,11.5,43.0,DAL,Under,outdoors,1,MetLife Stadium
2021,15,2021-12-19,Sunday,13:00,TEN,PIT,13,19,-1.0,44.0,PIT,Under,outdoors,0,Heinz Field
2021,15,2021-12-19,Sunday,16:05,CIN,DEN,15,10,-3.0,45.0,CIN,Under,outdoors,0,Empower Field at Mile High
2021,15,2021-12-19,Sunday,16:05,ATL,SF,13,31,-9.5,48.0,SF,Under,outdoors,0,Levi's Stadium
2021,15,2021-12-19,Sunday,16:25,GB,BAL,31,30,9.5,45.5,BAL,Over,outdoors,0,M&T Bank Stadium
2021,15,2021-12-19,Sunday,20:20,NO,TB,9,0,-11.5,45.5,NO,Under,outdoors,1,Raymond James Stadium
2021,15,2021-12-20,Monday,17:00,LV,CLE,16,14,3.0,41.0,CLE,Under,outdoors,0,FirstEnergy Stadium
2021,15,2021-12-20,Monday,20:15,MIN,CHI,17,9,7.0,48.0,MIN,Under,outdoors,1,Soldier Field
2021,15,2021-12-21,Tuesday,19:00,SEA,LA,10,20,-7.5,47.0,LA,Under,dome,1,SoFi Stadium
2021,15,2021-12-21,Tuesday,19:00,WAS,PHI,17,27,-10.0,39.5,PUSH,Over,outdoors,1,Lincoln Financial Field
2021,16,2021-12-23,Thursday,20:20,SF,TEN,17,20,3.5,45.5,TEN,Under,outdoors,0,Nissan Stadium
2021,16,2021-12-25,Saturday,16:30,CLE,GB,22,24,-7.5,46.5,CLE,Under,outdoors,0,Lambeau Field
2021,16,2021-12-25,Saturday,20:15,IND,ARI,22,16,-3.0,48.0,IND,Under,closed,0,State Farm Stadium
2021,16,2021-12-26,Sunday,13:00,DET,ATL,16,20,-7.5,42.5,DET,Under,open,0,Mercedes-Benz Stadium
2021,16,2021-12-26,Sunday,13:00,TB,CAR,32,6,11.5,44.5,TB,Under,outdoors,1,Bank of America Stadium
2021,16,2021-12-26,Sunday,13:00,BAL,CIN,21,41,-7.5,43.0,CIN,Over,outdoors,1,Paul Brown Stadium
2021,16,2021-12-26,Sunday,13:00,LAC,HOU,29,41,13.5,46.0,HOU,Over,closed,0,NRG Stadium
2021,16,2021-12-26,Sunday,13:00,LA,MIN,30,23,3.5,48.5,LA,Over,dome,0,U.S. Bank Stadium
2021,16,2021-12-26,Sunday,13:00,BUF,NE,33,21,-1.0,43.5,BUF,Over,outdoors,1,Gillette Stadium
2021,16,2021-12-26,Sunday,13:00,JAX,NYJ,21,26,-2.5,42.5,NYJ,Over,outdoors,0,MetLife Stadium
2021,16,2021-12-26,Sunday,13:00,NYG,PHI,10,34,-11.0,41.0,PHI,Over,outdoors,1,Lincoln Financial Field
2021,16,2021-12-26,Sunday,16:05,CHI,SEA,25,24,-7.0,41.0,CHI,Over,outdoors,0,Lumen Field
2021,16,2021-12-26,Sunday,16:25,PIT,KC,10,36,-10.5,44.0,KC,Over,outdoors,0,GEHA Field at Arrowhead Stadium
2021,16,2021-12-26,Sunday,16:25,DEN,LV,13,17,1.0,42.0,LV,Under,dome,1,Allegiant Stadium
2021,16,2021-12-26,Sunday,20:20,WAS,DAL,14,56,-10.5,45.5,DAL,Over,closed,1,AT&T Stadium
2021,16,2021-12-27,Monday,20:15,MIA,NO,20,3,3.0,37.5,MIA,Under,dome,0,Mercedes-Benz Superdome
2021,17,2022-01-02,Sunday,13:00,LA,BAL,20,19,7.0,47.0,BAL,Under,outdoors,0,M&T Bank Stadium
2021,17,2022-01-02,Sunday,13:00,ATL,BUF,15,29,-14.0,46.5,PUSH,Under,outdoors,0,New Era Field
2021,17,2022-01-02,Sunday,13:00,NYG,CHI,3,29,-7.0,36.5,CHI,Under,outdoors,0,Soldier Field
2021,17,2022-01-02,Sunday,13:00,KC,CIN,31,34,3.5,51.0,CIN,Over,outdoors,0,Paul Brown Stadium
2021,17,2022-01-02,Sunday,13:00,LV,IND,23,20,-8.5,46.5,LV,Under,closed,0,Lucas Oil Stadium
2021,17,2022-01-02,Sunday,13:00,JAX,NE,10,50,-17.5,42.0,NE,Over,outdoors,0,Gillette Stadium
2021,17,2022-01-02,Sunday,13:00,TB,NYJ,28,24,14.5,48.0,NYJ,Over,outdoors,0,MetLife Stadium
2021,17,2022-01-02,Sunday,13:00,MIA,TEN,3,34,-3.0,41.0,TEN,Under,outdoors,0,Nissan Stadium
2021,17,2022-01-02,Sunday,13:00,PHI,WAS,20,16,6.5,44.5,WAS,Under,outdoors,1,FedExField
2021,17,2022-01-02,Sunday,16:05,DEN,LAC,13,34,-8.0,45.5,LAC,Over,dome,1,SoFi Stadium
2021,17,2022-01-02,Sunday,16:05,HOU,SF,7,23,-14.0,44.0,SF,Under,outdoors,0,Levi's Stadium
2021,17,2022-01-02,Sunday,16:25,ARI,DAL,25,22,-6.5,53.0,ARI,Under,closed,0,AT&T Stadium
2021,17,2022-01-02,Sunday,16:25,CAR,NO,10,18,-7.0,37.0,NO,Under,dome,1,Mercedes-Benz Superdome
2021,17,2022-01-02,Sunday,16:25,DET,SEA,29,51,-8.5,41.5,SEA,Over,outdoors,0,Lumen Field
2021,17,2022-01-02,Sunday,20:20,MIN,GB,10,37,-13.0,42.0,GB,Over,outdoors,1,Lambeau Field
2021,17,2022-01-03,Monday,20:15,CLE,PIT,14,26,1.0,43.5,PIT,Under,outdoors,1,Heinz Field
2021,18,2022-01-08,Saturday,16:30,KC,DEN,28,24,11.5,44.5,DEN,Over,outdoors,1,Empower Field at Mile High
2021,18,2022-01-08,Saturday,20:15,DAL,PHI,51,26,6.5,46.0,DAL,Over,outdoors,1,Lincoln Financial Field
2021,18,2022-01-09,Sunday,13:00,PIT,BAL,16,13,-3.0,41.0,PIT,Under,outdoors,1,M&T Bank Stadium
2021,18,2022-01-09,Sunday,13:00,CIN,CLE,16,21,-6.5,38.0,CIN,Under,outdoors,1,FirstEnergy Stadium
2021,18,2022-01-09,Sunday,13:00,GB,DET,30,37,4.0,45.0,DET,Over,dome,1,Ford Field
2021,18,2022-01-09,Sunday,13:00,TEN,HOU,28,25,10.5,43.0,HOU,Over,closed,1,NRG Stadium
2021,18,2022-01-09,Sunday,13:00,IND,JAX,11,26,14.0,43.0,JAX,Under,outdoors,1,TIAA Bank Stadium
2021,18,2022-01-09,Sunday,13:00,CHI,MIN,17,31,-3.5,45.5,MIN,Over,dome,1,U.S. Bank Stadium
2021,18,2022-01-09,Sunday,13:00,WAS,NYG,22,7,6.0,36.0,WAS,Under,outdoors,1,MetLife Stadium
2021,18,2022-01-09,Sunday,16:25,SEA,ARI,38,30,-5.5,48.0,SEA,Over,open,1,State Farm Stadium
2021,18,2022-01-09,Sunday,16:25,NO,ATL,30,20,4.5,40.0,NO,Over,closed,1,Mercedes-Benz Stadium
2021,18,2022-01-09,Sunday,16:25,NYJ,BUF,10,27,-16.0,43.0,BUF,Under,outdoors,1,New Era Field
2021,18,2022-01-09,Sunday,16:25,SF,LA,27,24,-3.0,46.5,SF,Over,dome,1,SoFi Stadium
2021,18,2022-01-09,Sunday,16:25,NE,MIA,24,33,6.0,41.0,MIA,Over,outdoors,1,Hard Rock Stadium
2021,18,2022-01-09,Sunday,16:25,CAR,TB,17,41,-11.0,43.0,TB,Over,outdoors,1,Raymond James Stadium
2021,18,2022-01-09,Sunday,20:20,LAC,LV,32,35,3.5,48.0,LV,Over,dome,1,Allegiant Stadium
2022,1,2022-09-08,Thursday,20:20,BUF,LA,31,10,1.0,51.5,BUF,Under,dome,0,SoFi Stadium
2022,1,2022-09-11,Sunday,13:00,NO,ATL,27,26,6.0,43.5,ATL,Over,closed,1,Mercedes-Benz Stadium
2022,1,2022-09-11,Sunday,13:00,CLE,CAR,26,24,-2.5,42.5,CLE,Over,outdoors,0,Bank of America Stadium
2022,1,2022-09-11,Sunday,13:00,SF,CHI,10,19,6.5,38.0,CHI,Under,outdoors,0,Soldier Field
2022,1,2022-09-11,Sunday,13:00,PIT,CIN,23,20,-7.5,44.5,PIT,Under,outdoors,1,Paycor Stadium
2022,1,2022-09-11,Sunday,13:00,PHI,DET,38,35,6.0,49.0,DET,Over,dome,0,Ford Field
2022,1,2022-09-11,Sunday,13:00,IND,HOU,20,20,7.0,46.0,HOU,Under,closed,1,NRG Stadium
2022,1,2022-09-11,Sunday,13:00,NE,MIA,7,20,-3.0,47.0,MIA,Under,outdoors,1,Hard Rock Stadium
2022,1,2022-09-11,Sunday,13:00,BAL,NYJ,24,9,6.5,44.0,BAL,Under,outdoors,0,MetLife Stadium
2022,1,2022-09-11,Sunday,13:00,JAX,WAS,22,28,-3.0,43.5,WAS,Over,outdoors,0,FedExField
2022,1,2022-09-11,Sunday,16:25,KC,ARI,44,21,6.0,54.0,KC,Over,closed,0,State Farm Stadium
2022,1,2022-09-11,Sunday,16:25,LV,LAC,19,24,-3.5,52.5,LAC,Under,dome,1,SoFi Stadium
2022,1,2022-09-11,Sunday,16:25,GB,MIN,7,23,-2.5,47.0,MIN,Under,dome,1,U.S. Bank Stadium
2022,1,2022-09-11,Sunday,16:25,NYG,TEN,21,20,-5.5,43.5,NYG,Under,outdoors,0,Nissan Stadium
2022,1,2022-09-11,Sunday,20:20,TB,DAL,19,3,2.5,49.5,TB,Under,closed,0,AT&T Stadium
2022,1,2022-09-12,Monday,20:15,DEN,SEA,16,17,6.0,44.0,SEA,Under,outdoors,0,Lumen Field
2022,2,2022-09-15,Thursday,20:15,LAC,KC,24,27,-4.0,52.5,LAC,Under,outdoors,1,GEHA Field at Arrowhead Stadium
2022,2,2022-09-18,Sunday,13:00,MIA,BAL,42,38,-3.0,44.0,MIA,Over,outdoors,0,M&T Bank Stadium
2022,2,2022-09-18,Sunday,13:00,NYJ,CLE,31,30,-6.5,38.5,NYJ,Over,outdoors,0,FirstEnergy Stadium
2022,2,2022-09-18,Sunday,13:00,WAS,DET,27,36,1.0,48.5,DET,Over,dome,0,Ford Field
2022,2,2022-09-18,Sunday,13:00,IND,JAX,0,24,3.0,43.5,JAX,Under,outdoors,1,TIAA Bank Stadium
2022,2,2022-09-18,Sunday,13:00,TB,NO,20,10,2.5,44.0,TB,Under,dome,1,Mercedes-Benz Superdome
2022,2,2022-09-18,Sunday,13:00,CAR,NYG,16,19,1.0,44.0,NYG,Under,outdoors,0,MetLife Stadium
2022,2,2022-09-18,Sunday,13:00,NE,PIT,17,14,3.0,40.0,PUSH,Under,outdoors,0,Acrisure Stadium
2022,2,2022-09-18,Sunday,16:05,ATL,LA,27,31,-10.5,46.5,ATL,Over,dome,0,SoFi Stadium
2022,2,2022-09-18,Sunday,16:05,SEA,SF,7,27,-8.5,40.0,SF,Under,outdoors,1,Levi's Stadium
2022,2,2022-09-18,Sunday,16:25,CIN,DAL,17,20,7.5,42.0,DAL,Under,closed,0,AT&T Stadium
2022,2,2022-09-18,Sunday,16:25,HOU,DEN,9,16,-10.5,46.0,HOU,Under,outdoors,0,Empower Field at Mile High
2022,2,2022-09-18,Sunday,16:25,ARI,LV,29,23,-5.5,51.5,ARI,Over,dome,0,Allegiant Stadium
2022,2,2022-09-18,Sunday,20:20,CHI,GB,10,27,-10.5,42.0,GB,Under,outdoors,1,Lambeau Field
2022,2,2022-09-19,Monday,19:15,TEN,BUF,7,41,-10.0,47.5,BUF,Over,outdoors,0,New Era Field
2022,2,2022-09-19,Monday,20:30,MIN,PHI,7,24,-2.5,49.5,PHI,Under,outdoors,0,Lincoln Financial Field
2022,3,2022-09-22,Thursday,20:15,PIT,CLE,17,29,-4.5,38.0,CLE,Over,outdoors,1,FirstEnergy Stadium
2022,3,2022-09-25,Sunday,13:00,NO,CAR,14,22,2.0,41.0,CAR,Under,outdoors,1,Bank of America Stadium
2022,3,2022-09-25,Sunday,13:00,HOU,CHI,20,23,-3.0,40.0,PUSH,Over,outdoors,0,Soldier Field
2022,3,2022-09-25,Sunday,13:00,KC,IND,17,20,4.5,51.0,IND,Under,open,0,Lucas Oil Stadium
2022,3,2022-09-25,Sunday,13:00,BUF,MIA,19,21,4.0,54.0,MIA,Under,outdoors,1,Hard Rock Stadium
2022,3,2022-09-25,Sunday,13:00,DET,MIN,24,28,-6.5,52.0,DET,Push,dome,1,U.S. Bank Stadium
2022,3,2022-09-25,Sunday,13:00,BAL,NE,37,26,2.5,45.5,BAL,Over,outdoors,0,Gillette Stadium
2022,3,2022-09-25,Sunday,13:00,CIN,NYJ,27,12,6.5,46.0,CIN,Under,outdoors,0,MetLife Stadium
2022,3,2022-09-25,Sunday,13:00,LV,TEN,22,24,1.5,45.5,TEN,Over,outdoors,0,Nissan Stadium
2022,3,2022-09-25,Sunday,13:00,PHI,WAS,24,8,6.0,47.0,PHI,Under,outdoors,1,FedExField
2022,3,2022-09-25,Sunday,16:05,JAX,LAC,38,10,-6.5,46.0,JAX,Over,dome,0,SoFi Stadium
2022,3,2022-09-25,Sunday,16:25,LA,ARI,20,12,3.5,49.0,LA,Under,closed,1,State Farm Stadium
2022,3,2022-09-25,Sunday,16:25,ATL,SEA,27,23,-1.0,43.0,ATL,Over,outdoors,0,Lumen Field
2022,3,2022-09-25,Sunday,16:25,GB,TB,14,12,-1.0,41.5,GB,Under,outdoors,0,Raymond James Stadium
2022,3,2022-09-25,Sunday,20:20,SF,DEN,10,11,1.0,44.0,DEN,Under,outdoors,0,Empower Field at Mile High
2022,3,2022-09-26,Monday,20:15,DAL,NYG,23,16,-1.0,38.5,DAL,Over,outdoors,1,MetLife Stadium
2022,4,2022-09-29,Thursday,20:15,MIA,CIN,15,27,-4.0,48.5,CIN,Under,outdoors,0,Paycor Stadium
2022,4,2022-10-02,Sunday,09:30,MIN,NO,28,25,4.0,42.0,NO,Over,outdoors,0,Tottenham Stadium
2022,4,2022-10-02,Sunday,13:00,CLE,ATL,20,23,1.0,48.0,ATL,Under,open,0,Mercedes-Benz Stadium
2022,4,2022-10-02,Sunday,13:00,BUF,BAL,23,20,3.0,50.0,PUSH,Under,outdoors,0,M&T Bank Stadium
2022,4,2022-10-02,Sunday,13:00,WAS,DAL,10,25,-3.0,40.5,DAL,Under,closed,1,AT&T Stadium
2022,4,2022-10-02,Sunday,13:00,SEA,DET,48,45,-3.0,48.5,SEA,Over,dome,0,Ford Field
2022,4,2022-10-02,Sunday,13:00,LAC,HOU,34,24,5.5,45.0,LAC,Over,closed,0,NRG Stadium
2022,4,2022-10-02,Sunday,13:00,TEN,IND,24,17,-4.5,43.0,TEN,Under,open,1,Lucas Oil Stadium
2022,4,2022-10-02,Sunday,13:00,CHI,NYG,12,20,-3.0,39.0,NYG,Under,outdoors,0,MetLife Stadium
2022,4,2022-10-02,Sunday,13:00,JAX,PHI,21,29,-6.5,44.0,PHI,Over,outdoors,0,Lincoln Financial Field
2022,4,2022-10-02,Sunday,13:00,NYJ,PIT,24,20,-3.0,41.0,NYJ,Over,outdoors,0,Acrisure Stadium
2022,4,2022-10-02,Sunday,16:05,ARI,CAR,26,16,-1.0,44.0,ARI,Under,outdoors,0,Bank of America Stadium
2022,4,2022-10-02,Sunday,16:25,NE,GB,24,27,-10.0,40.5,NE,Over,outdoors,0,Lambeau Field
2022,4,2022-10-02,Sunday,16:25,DEN,LV,23,32,-2.5,45.5,LV,Over,dome,1,Allegiant Stadium
2022,4,2022-10-02,Sunday,20:20,KC,TB,41,31,-1.0,46.5,KC,Over,outdoors,0,Raymond James Stadium
2022,4,2022-10-03,Monday,20:15,LA,SF,9,24,-1.0,42.0,SF,Under,outdoors,1,Levi's Stadium
2022,5,2022-10-06,Thursday,20:15,IND,DEN,12,9,-3.5,42.0,IND,Under,outdoors,0,Empower Field at Mile High
2022,5,2022-10-09,Sunday,09:30,NYG,GB,27,22,-8.5,42.0,NYG,Over,outdoors,0,Tottenham Stadium
2022,5,2022-10-09,Sunday,13:00,PIT,BUF,3,38,-14.0,44.0,BUF,Under,outdoors,0,New Era Field
2022,5,2022-10-09,Sunday,13:00,LAC,CLE,30,28,1.0,47.0,LAC,Over,outdoors,0,FirstEnergy Stadium
2022,5,2022-10-09,Sunday,13:00,HOU,JAX,13,6,-7.0,44.0,HOU,Under,outdoors,1,TIAA Bank Stadium
2022,5,2022-10-09,Sunday,13:00,CHI,MIN,22,29,-10.0,44.0,CHI,Over,dome,1,U.S. Bank Stadium
2022,5,2022-10-09,Sunday,13:00,DET,NE,0,29,-3.0,46.5,NE,Under,outdoors,0,Gillette Stadium
2022,5,2022-10-09,Sunday,13:00,SEA,NO,32,39,-5.5,45.5,NO,Over,dome,0,Mercedes-Benz Superdome
2022,5,2022-10-09,Sunday,13:00,MIA,NYJ,17,40,3.0,46.0,NYJ,Over,outdoors,1,MetLife Stadium
2022,5,2022-10-09,Sunday,13:00,ATL,TB,15,21,-10.5,46.0,ATL,Under,outdoors,1,Raymond James Stadium
2022,5,2022-10-09,Sunday,13:00,TEN,WAS,21,17,1.0,43.0,TEN,Under,outdoors,0,FedExField
2022,5,2022-10-09,Sunday,16:05,SF,CAR,37,15,6.0,40.0,SF,Over,outdoors,0,Bank of America Stadium
2022,5,2022-10-09,Sunday,16:25,PHI,ARI,20,17,5.5,48.5,ARI,Under,closed,0,State Farm Stadium
2022,5,2022-10-09,Sunday,16:25,DAL,LA,22,10,-5.5,42.0,DAL,Under,dome,0,SoFi Stadium
2022,5,2022-10-09,Sunday,20:20,CIN,BAL,17,19,-3.0,47.5,CIN,Under,outdoors,1,M&T Bank Stadium
2022,5,2022-10-10,Monday,20:15,LV,KC,29,30,-7.5,51.5,LV,Over,outdoors,1,GEHA Field at Arrowhead Stadium
2022,6,2022-10-13,Thursday,20:15,WAS,CHI,12,7,1.0,38.5,WAS,Under,outdoors,0,Soldier Field
2022,6,2022-10-16,Sunday,13:00,SF,ATL,14,28,3.5,46.0,ATL,Under,open,0,Mercedes-Benz Stadium
2022,6,2022-10-16,Sunday,13:00,NE,CLE,38,15,-2.5,43.0,NE,Over,outdoors,0,FirstEnergy Stadium
2022,6,2022-10-16,Sunday,13:00,NYJ,GB,27,10,-7.5,44.5,NYJ,Under,outdoors,0,Lambeau Field
2022,6,2022-10-16,Sunday,13:00,JAX,IND,27,34,-1.0,41.0,IND,Over,open,1,Lucas Oil Stadium
2022,6,2022-10-16,Sunday,13:00,MIN,MIA,24,16,3.0,45.0,MIN,Under,outdoors,0,Hard Rock Stadium
2022,6,2022-10-16,Sunday,13:00,CIN,NO,30,26,3.0,42.5,CIN,Over,dome,0,Mercedes-Benz Superdome
2022,6,2022-10-16,Sunday,13:00,BAL,NYG,20,24,5.5,46.0,NYG,Under,outdoors,0,MetLife Stadium
2022,6,2022-10-16,Sunday,13:00,TB,PIT,18,20,10.0,47.0,PIT,Under,outdoors,0,Acrisure Stadium
2022,6,2022-10-16,Sunday,16:05,CAR,LA,10,24,-10.0,41.5,LA,Under,dome,0,SoFi Stadium
2022,6,2022-10-16,Sunday,16:05,ARI,SEA,9,19,2.5,50.0,SEA,Under,outdoors,1,Lumen Field
2022,6,2022-10-16,Sunday,16:25,BUF,KC,24,20,2.5,54.0,BUF,Under,outdoors,0,GEHA Field at Arrowhead Stadium
2022,6,2022-10-16,Sunday,20:20,DAL,PHI,17,26,-6.5,42.5,PHI,Over,outdoors,1,Lincoln Financial Field
2022,6,2022-10-17,Monday,20:15,DEN,LAC,16,19,-3.5,45.5,DEN,Under,dome,1,SoFi Stadium
2022,7,2022-10-20,Thursday,20:15,NO,ARI,34,42,-2.5,44.0,ARI,Over,open,0,State Farm Stadium
2022,7,2022-10-23,Sunday,13:00,CLE,BAL,20,23,-6.5,46.0,CLE,Under,outdoors,1,M&T Bank Stadium
2022,7,2022-10-23,Sunday,13:00,TB,CAR,3,21,13.0,39.5,CAR,Under,outdoors,1,Bank of America Stadium
2022,7,2022-10-23,Sunday,13:00,ATL,CIN,17,35,-6.5,47.5,CIN,Over,outdoors,0,Paycor Stadium
2022,7,2022-10-23,Sunday,13:00,DET,DAL,6,24,-7.0,49.5,DAL,Under,closed,0,AT&T Stadium
2022,7,2022-10-23,Sunday,13:00,NYG,JAX,23,17,-3.0,44.0,NYG,Under,outdoors,0,TIAA Bank Stadium
2022,7,2022-10-23,Sunday,13:00,IND,TEN,10,19,-2.5,43.0,TEN,Under,outdoors,1,Nissan Stadium
2022,7,2022-10-23,Sunday,13:00,GB,WAS,21,23,4.0,41.5,WAS,Over,outdoors,0,FedExField
2022,7,2022-10-23,Sunday,16:05,NYJ,DEN,16,9,2.0,37.0,NYJ,Under,outdoors,0,Empower Field at Mile High
2022,7,2022-10-23,Sunday,16:05,HOU,LV,20,38,-7.0,46.0,LV,Over,dome,0,Allegiant Stadium
2022,7,2022-10-23,Sunday,16:25,SEA,LAC,37,23,-5.5,51.5,SEA,Over,dome,0,SoFi Stadium
2022,7,2022-10-23,Sunday,16:25,KC,SF,44,23,1.0,49.0,KC,Over,outdoors,0,Levi's Stadium
2022,7,2022-10-23,Sunday,20:20,PIT,MIA,10,16,-7.5,44.5,PIT,Under,outdoors,0,Hard Rock Stadium
2022,7,2022-10-24,Monday,20:15,CHI,NE,33,14,-9.5,40.0,CHI,Over,outdoors,0,Gillette Stadium
2022,8,2022-10-27,Thursday,20:15,BAL,TB,27,22,-2.0,46.0,BAL,Over,outdoors,0,Raymond James Stadium
2022,8,2022-10-30,Sunday,09:30,DEN,JAX,21,17,-1.0,41.0,DEN,Under,outdoors,0,Wembley Stadium
2022,8,2022-10-30,Sunday,13:00,CAR,ATL,34,37,-4.5,41.0,CAR,Over,closed,1,Mercedes-Benz Stadium
2022,8,2022-10-30,Sunday,13:00,CHI,DAL,29,49,-10.5,43.0,DAL,Over,open,0,AT&T Stadium
2022,8,2022-10-30,Sunday,13:00,MIA,DET,31,27,3.5,52.0,MIA,Over,dome,0,Ford Field
2022,8,2022-10-30,Sunday,13:00,ARI,MIN,26,34,-4.0,48.5,MIN,Over,dome,0,U.S. Bank Stadium
2022,8,2022-10-30,Sunday,13:00,LV,NO,0,24,1.0,48.5,NO,Under,dome,0,Mercedes-Benz Superdome
2022,8,2022-10-30,Sunday,13:00,NE,NYJ,22,17,3.0,40.0,NE,Under,outdoors,1,MetLife Stadium
2022,8,2022-10-30,Sunday,13:00,PIT,PHI,13,35,-11.0,43.0,PHI,Over,outdoors,0,Lincoln Financial Field
2022,8,2022-10-30,Sunday,16:05,TEN,HOU,17,10,1.0,39.0,TEN,Under,closed,1,NRG Stadium
2022,8,2022-10-30,Sunday,16:25,WAS,IND,17,16,-3.0,40.5,WAS,Under,closed,0,Lucas Oil Stadium
2022,8,2022-10-30,Sunday,16:25,SF,LA,31,14,1.0,42.0,SF,Over,dome,1,SoFi Stadium
2022,8,2022-10-30,Sunday,16:25,NYG,SEA,13,27,-3.0,44.5,SEA,Under,outdoors,0,Lumen Field
2022,8,2022-10-30,Sunday,20:20,GB,BUF,17,27,-10.5,47.0,GB,Under,outdoors,0,New Era Field
2022,8,2022-10-31,Monday,20:15,CIN,CLE,13,32,3.0,45.0,CLE,Push,outdoors,1,FirstEnergy Stadium
2022,9,2022-11-03,Thursday,20:15,PHI,HOU,29,17,14.0,45.5,HOU,Over,closed,0,NRG Stadium
2022,9,2022-11-06,Sunday,13:00,LAC,ATL,20,17,2.5,49.5,LAC,Under,open,0,Mercedes-Benz Stadium
2022,9,2022-11-06,Sunday,13:00,MIA,CHI,35,32,4.0,46.0,CHI,Over,outdoors,0,Soldier Field
2022,9,2022-11-06,Sunday,13:00,CAR,CIN,21,42,-7.0,43.0,CIN,Over,outdoors,0,Paycor Stadium
2022,9,2022-11-06,Sunday,13:00,GB,DET,9,15,4.0,49.5,DET,Under,dome,1,Ford Field
2022,9,2022-11-06,Sunday,13:00,LV,JAX,20,27,2.5,47.5,JAX,Under,outdoors,0,TIAA Bank Stadium
2022,9,2022-11-06,Sunday,13:00,IND,NE,3,26,-5.0,40.0,NE,Under,outdoors,0,Gillette Stadium
2022,9,2022-11-06,Sunday,13:00,BUF,NYJ,17,20,11.0,46.0,NYJ,Under,outdoors,1,MetLife Stadium
2022,9,2022-11-06,Sunday,13:00,MIN,WAS,20,17,3.0,43.5,PUSH,Under,outdoors,0,FedExField
2022,9,2022-11-06,Sunday,16:05,SEA,ARI,31,21,-1.5,49.5,SEA,Over,open,1,State Farm Stadium
2022,9,2022-11-06,Sunday,16:25,LA,TB,13,16,-3.0,43.0,PUSH,Under,outdoors,0,Raymond James Stadium
2022,9,2022-11-06,Sunday,20:20,TEN,KC,17,20,-14.0,45.0,TEN,Under,outdoors,0,GEHA Field at Arrowhead Stadium
2022,9,2022-11-07,Monday,20:15,BAL,NO,27,13,1.0,46.0,BAL,Under,dome,0,Mercedes-Benz Superdome
2022,10,2022-11-10,Thursday,20:15,ATL,CAR,15,25,2.5,41.5,CAR,Under,outdoors,1,Bank of America Stadium
2022,10,2022-11-13,Sunday,09:30,SEA,TB,16,21,-2.5,45.0,TB,Under,outdoors,0,Allianz Arena
2022,10,2022-11-13,Sunday,13:00,MIN,BUF,33,30,-6.5,47.0,MIN,Over,outdoors,0,New Era Field
2022,10,2022-11-13,Sunday,13:00,DET,CHI,31,30,-3.0,48.5,DET,Over,outdoors,1,Soldier Field
2022,10,2022-11-13,Sunday,13:00,JAX,KC,17,27,-10.0,51.5,PUSH,Under,outdoors,0,GEHA Field at Arrowhead Stadium
2022,10,2022-11-13,Sunday,13:00,CLE,MIA,17,39,-3.0,49.0,MIA,Over,outdoors,0,Hard Rock Stadium
2022,10,2022-11-13,Sunday,13:00,HOU,NYG,16,24,-5.5,41.5,NYG,Under,outdoors,0,MetLife Stadium
2022,10,2022-11-13,Sunday,13:00,NO,PIT,10,20,-1.0,39.5,PIT,Under,outdoors,0,Acrisure Stadium
2022,10,2022-11-13,Sunday,13:00,DEN,TEN,10,17,-2.5,40.0,TEN,Under,outdoors,0,Nissan Stadium
2022,10,2022-11-13,Sunday,16:05,IND,LV,25,20,-4.5,41.0,IND,Over,dome,0,Allegiant Stadium
2022,10,2022-11-13,Sunday,16:25,DAL,GB,28,31,3.5,44.5,GB,Over,outdoors,0,Lambeau Field
2022,10,2022-11-13,Sunday,16:25,ARI,LA,27,17,-3.5,38.0,ARI,Over,dome,1,SoFi Stadium
2022,10,2022-11-13,Sunday,20:20,LAC,SF,16,22,-8.5,45.5,LAC,Under,outdoors,0,Levi's Stadium
2022,10,2022-11-14,Monday,20:15,WAS,PHI,32,21,-11.0,43.0,WAS,Over,outdoors,1,Lincoln Financial Field
2022,11,2022-11-17,Thursday,20:15,TEN,GB,27,17,-3.0,40.5,TEN,Over,outdoors,0,Lambeau Field
2022,11,2022-11-20,Sunday,13:00,CHI,ATL,24,27,-3.0,48.5,PUSH,Over,closed,0,Mercedes-Benz Stadium
2022,11,2022-11-20,Sunday,13:00,CAR,BAL,3,13,-13.0,42.0,CAR,Under,outdoors,0,M&T Bank Stadium
2022,11,2022-11-20,Sunday,13:00,CLE,BUF,23,31,-7.5,50.5,BUF,Over,dome,0,Ford Field
2022,11,2022-11-20,Sunday,13:00,WAS,HOU,23,10,3.0,41.0,WAS,Under,closed,0,NRG Stadium
2022,11,2022-11-20,Sunday,13:00,PHI,IND,17,16,6.5,45.5,IND,Under,closed,0,Lucas Oil Stadium
2022,11,2022-11-20,Sunday,13:00,NYJ,NE,3,10,-3.5,38.5,NE,Under,outdoors,1,Gillette Stadium
2022,11,2022-11-20,Sunday,13:00,LA,NO,20,27,-2.5,39.5,NO,Over,dome,0,Mercedes-Benz Superdome
2022,11,2022-11-20,Sunday,13:00,DET,NYG,31,18,-3.0,44.0,DET,Over,outdoors,0,MetLife Stadium
2022,11,2022-11-20,Sunday,16:05,LV,DEN,22,16,-2.5,41.5,LV,Under,outdoors,1,Empower Field at Mile High
2022,11,2022-11-20,Sunday,16:25,DAL,MIN,40,3,1.5,48.5,DAL,Under,dome,0,U.S. Bank Stadium
2022,11,2022-11-20,Sunday,16:25,CIN,PIT,37,30,3.5,39.0,CIN,Over,outdoors,1,Acrisure Stadium
2022,11,2022-11-20,Sunday,20:20,KC,LAC,30,27,5.5,52.5,LAC,Over,dome,1,SoFi Stadium
2022,11,2022-11-21,Monday,20:15,SF,ARI,38,10,10.0,43.5,SF,Over,outdoors,1,Azteca Stadium
2022,12,2022-11-24,Thursday,12:30,BUF,DET,28,25,10.0,54.0,DET,Under,dome,0,Ford Field
2022,12,2022-11-24,Thursday,16:30,NYG,DAL,20,28,-10.5,45.5,NYG,Over,closed,1,AT&T Stadium
2022,12,2022-11-24,Thursday,20:20,NE,MIN,26,33,-2.5,42.5,MIN,Over,dome,0,U.S. Bank Stadium
2022,12,2022-11-27,Sunday,13:00,DEN,CAR,10,23,1.0,36.5,CAR,Under,outdoors,0,Bank of America Stadium
2022,12,2022-11-27,Sunday,13:00,TB,CLE,17,23,3.0,42.0,CLE,Under,outdoors,0,FirstEnergy Stadium
2022,12,2022-11-27,Sunday,13:00,BAL,JAX,27,28,3.5,43.0,JAX,Over,outdoors,0,TIAA Bank Stadium
2022,12,2022-11-27,Sunday,13:00,HOU,MIA,15,30,-14.0,47.0,MIA,Under,outdoors,0,Hard Rock Stadium
2022,12,2022-11-27,Sunday,13:00,CHI,NYJ,10,31,-8.5,36.5,NYJ,Over,outdoors,0,MetLife Stadium
2022,12,2022-11-27,Sunday,13:00,CIN,TEN,20,16,1.0,43.0,CIN,Under,outdoors,0,Nissan Stadium
2022,12,2022-11-27,Sunday,13:00,ATL,WAS,13,19,-3.5,40.5,WAS,Under,outdoors,0,FedExField
2022,12,2022-11-27,Sunday,16:05,LAC,ARI,25,24,2.5,48.5,ARI,Over,closed,0,State Farm Stadium
2022,12,2022-11-27,Sunday,16:05,LV,SEA,40,34,-4.0,47.5,LV,Over,outdoors,0,Lumen Field
2022,12,2022-11-27,Sunday,16:25,LA,KC,10,26,-16.5,42.0,LA,Under,outdoors,0,GEHA Field at Arrowhead Stadium
2022,12,2022-11-27,Sunday,16:25,NO,SF,0,13,-9.5,44.0,SF,Under,outdoors,0,Levi's Stadium
2022,12,2022-11-27,Sunday,20:20,GB,PHI,33,40,-6.5,46.0,PHI,Over,outdoors,0,Lincoln Financial Field
2022,12,2022-11-28,Monday,20:15,PIT,IND,24,17,-2.5,40.0,PIT,Over,closed,0,Lucas Oil Stadium
2022,13,2022-12-01,Thursday,20:15,BUF,NE,24,10,3.5,43.5,BUF,Under,outdoors,1,Gillette Stadium
2022,13,2022-12-04,Sunday,13:00,PIT,ATL,19,16,1.0,43.0,PIT,Under,closed,0,Mercedes-Benz Stadium
2022,13,2022-12-04,Sunday,13:00,DEN,BAL,9,10,-9.5,40.5,DEN,Under,outdoors,0,M&T Bank Stadium
2022,13,2022-12-04,Sunday,13:00,GB,CHI,28,19,4.0,45.0,GB,Over,outdoors,1,Soldier Field
2022,13,2022-12-04,Sunday,13:00,JAX,DET,14,40,-1.0,51.5,DET,Over,dome,0,Ford Field
2022,13,2022-12-04,Sunday,13:00,CLE,HOU,27,14,7.5,47.0,CLE,Under,closed,0,NRG Stadium
2022,13,2022-12-04,Sunday,13:00,NYJ,MIN,22,27,-3.0,44.0,MIN,Over,dome,0,U.S. Bank Stadium
2022,13,2022-12-04,Sunday,13:00,WAS,NYG,20,20,2.5,40.0,NYG,Push,outdoors,1,MetLife Stadium
2022,13,2022-12-04,Sunday,13:00,TEN,PHI,10,35,-5.0,44.5,PHI,Over,outdoors,0,Lincoln Financial Field
2022,13,2022-12-04,Sunday,16:05,SEA,LA,27,23,7.0,41.0,LA,Over,dome,1,SoFi Stadium
2022,13,2022-12-04,Sunday,16:05,MIA,SF,17,33,-4.5,46.0,SF,Over,outdoors,0,Levi's Stadium
2022,13,2022-12-04,Sunday,16:25,KC,CIN,24,27,2.5,53.0,CIN,Under,outdoors,0,Paycor Stadium
2022,13,2022-12-04,Sunday,16:25,LAC,LV,20,27,-2.5,49.0,LV,Under,dome,1,Allegiant Stadium
2022,13,2022-12-04,Sunday,20:20,IND,DAL,19,54,-11.0,44.5,DAL,Over,closed,0,AT&T Stadium
2022,13,2022-12-05,Monday,20:15,NO,TB,16,17,-3.5,41.0,NO,Under,outdoors,1,Raymond James Stadium
2022,14,2022-12-08,Thursday,20:15,LV,LA,16,17,6.5,42.5,LA,Under,dome,0,SoFi Stadium
2022,14,2022-12-11,Sunday,13:00,NYJ,BUF,12,20,-10.0,43.5,NYJ,Under,outdoors,1,New Era Field
2022,14,2022-12-11,Sunday,13:00,CLE,CIN,10,23,-4.5,47.0,CIN,Under,outdoors,1,Paycor Stadium
2022,14,2022-12-11,Sunday,13:00,HOU,DAL,23,27,-17.0,44.5,HOU,Over,closed,0,AT&T Stadium
2022,14,2022-12-11,Sunday,13:00,MIN,DET,23,34,-2.5,51.5,DET,Over,dome,1,Ford Field
2022,14,2022-12-11,Sunday,13:00,PHI,NYG,48,22,7.5,44.5,PHI,Over,outdoors,1,MetLife Stadium
2022,14,2022-12-11,Sunday,13:00,BAL,PIT,16,14,-1.5,37.0,BAL,Under,outdoors,1,Acrisure Stadium
2022,14,2022-12-11,Sunday,13:00,JAX,TEN,36,22,-3.0,42.0,JAX,Over,outdoors,1,Nissan Stadium
2022,14,2022-12-11,Sunday,16:05,KC,DEN,34,28,8.5,44.5,DEN,Over,outdoors,1,Empower Field at Mile High
2022,14,2022-12-11,Sunday,16:25,CAR,SEA,30,24,-3.5,44.5,CAR,Over,outdoors,0,Lumen Field
2022,14,2022-12-11,Sunday,16:25,TB,SF,7,35,-3.5,38.0,SF,Over,outdoors,0,Levi's Stadium
2022,14,2022-12-11,Sunday,20:20,MIA,LAC,17,23,3.0,54.5,LAC,Under,dome,0,SoFi Stadium
2022,14,2022-12-12,Monday,20:15,NE,ARI,27,13,2.0,44.0,NE,Under,closed,0,State Farm Stadium
2022,15,2022-12-15,Thursday,20:15,SF,SEA,21,13,3.0,43.0,SF,Under,outdoors,1,Lumen Field
2022,15,2022-12-17,Saturday,13:00,IND,MIN,36,39,-3.5,46.5,IND,Over,dome,0,U.S. Bank Stadium
2022,15,2022-12-17,Saturday,16:30,BAL,CLE,3,13,-2.5,39.5,CLE,Under,outdoors,1,FirstEnergy Stadium
2022,15,2022-12-17,Saturday,20:15,MIA,BUF,29,32,-7.0,44.0,MIA,Over,outdoors,1,New Era Field
2022,15,2022-12-18,Sunday,13:00,PIT,CAR,24,16,-2.5,36.5,PIT,Over,outdoors,0,Bank of America Stadium
2022,15,2022-12-18,Sunday,13:00,PHI,CHI,25,20,8.5,48.0,CHI,Under,outdoors,0,Soldier Field
2022,15,2022-12-18,Sunday,13:00,KC,HOU,30,24,14.5,48.5,HOU,Over,closed,0,NRG Stadium
2022,15,2022-12-18,Sunday,13:00,DAL,JAX,34,40,4.0,48.5,JAX,Over,outdoors,0,TIAA Bank Stadium
2022,15,2022-12-18,Sunday,13:00,ATL,NO,18,21,-5.0,43.5,ATL,Under,dome,1,Mercedes-Benz Superdome
2022,15,2022-12-18,Sunday,13:00,DET,NYJ,20,17,-2.0,44.0,DET,Under,outdoors,0,MetLife Stadium
2022,15,2022-12-18,Sunday,16:05,ARI,DEN,15,24,-1.5,37.5,DEN,Over,outdoors,0,Empower Field at Mile High
2022,15,2022-12-18,Sunday,16:05,NE,LV,24,30,-1.0,45.0,LV,Over,dome,0,Allegiant Stadium
2022,15,2022-12-18,Sunday,16:25,TEN,LAC,14,17,-3.0,46.5,PUSH,Under,dome,0,SoFi Stadium
2022,15,2022-12-18,Sunday,16:25,CIN,TB,34,23,3.5,47.0,CIN,Over,outdoors,0,Raymond James Stadium
2022,15,2022-12-18,Sunday,20:20,NYG,WAS,20,12,-4.5,40.5,NYG,Under,outdoors,1,FedExField
2022,15,2022-12-19,Monday,20:15,LA,GB,12,24,-8.0,39.5,GB,Under,outdoors,0,Lambeau Field
2022,16,2022-12-22,Thursday,20:15,JAX,NYJ,19,3,-2.5,36.5,JAX,Under,outdoors,0,MetLife Stadium
2022,16,2022-12-24,Saturday,13:00,ATL,BAL,9,17,-6.5,35.0,BAL,Under,outdoors,0,M&T Bank Stadium
2022,16,2022-12-24,Saturday,13:00,DET,CAR,23,37,2.5,43.5,CAR,Over,outdoors,0,Bank of America Stadium
2022,16,2022-12-24,Saturday,13:00,BUF,CHI,35,13,8.0,40.0,BUF,Over,outdoors,0,Soldier Field
2022,16,2022-12-24,Saturday,13:00,NO,CLE,17,10,-3.0,32.0,NO,Under,outdoors,0,FirstEnergy Stadium
2022,16,2022-12-24,Saturday,13:00,SEA,KC,10,24,-10.5,50.5,KC,Under,outdoors,0,GEHA Field at Arrowhead Stadium
2022,16,2022-12-24,Saturday,13:00,NYG,MIN,24,27,-4.5,48.0,NYG,Over,dome,0,U.S. Bank Stadium
2022,16,2022-12-24,Saturday,13:00,CIN,NE,22,18,3.0,42.0,CIN,Under,outdoors,0,Gillette Stadium
2022,16,2022-12-24,Saturday,14:00,HOU,TEN,19,14,-3.0,34.0,HOU,Under,outdoors,1,Nissan Stadium
2022,16,2022-12-24,Saturday,16:05,WAS,SF,20,37,-6.5,37.5,SF,Over,outdoors,0,Levi's Stadium
2022,16,2022-12-24,Saturday,16:25,PHI,DAL,34,40,-4.0,48.0,DAL,Over,closed,1,AT&T Stadium
2022,16,2022-12-24,Saturday,20:15,LV,PIT,10,13,-2.5,38.5,PIT,Under,outdoors,0,Acrisure Stadium
2022,16,2022-12-25,Sunday,13:00,GB,MIA,26,20,-3.5,49.0,GB,Under,outdoors,0,Hard Rock Stadium
2022,16,2022-12-25,Sunday,16:30,DEN,LA,14,51,3.0,36.5,LA,Over,dome,0,SoFi Stadium
2022,16,2022-12-25,Sunday,20:20,TB,ARI,19,16,7.5,41.5,ARI,Under,open,0,State Farm Stadium
2022,16,2022-12-26,Monday,20:15,LAC,IND,20,3,3.5,44.5,LAC,Under,closed,0,Lucas Oil Stadium
2022,17,2022-12-29,Thursday,20:15,DAL,TEN,27,13,14.0,41.0,PUSH,Under,outdoors,0,Nissan Stadium
2022,17,2023-01-01,Sunday,13:00,ARI,ATL,19,20,-7.0,41.0,ARI,Under,closed,0,Mercedes-Benz Stadium
2022,17,2023-01-01,Sunday,13:00,CHI,DET,10,41,-4.5,52.5,DET,Under,dome,1,Ford Field
2022,17,2023-01-01,Sunday,13:00,JAX,HOU,31,3,3.5,43.0,JAX,Under,closed,1,NRG Stadium
2022,17,2023-01-01,Sunday,13:00,DEN,KC,24,27,-13.5,46.0,DEN,Over,outdoors,1,GEHA Field at Arrowhead Stadium
2022,17,2023-01-01,Sunday,13:00,MIA,NE,21,23,-3.0,41.5,MIA,Over,outdoors,1,Gillette Stadium
2022,17,2023-01-01,Sunday,13:00,IND,NYG,10,38,-5.5,38.5,NYG,Over,outdoors,0,MetLife Stadium
2022,17,2023-01-01,Sunday,13:00,NO,PHI,20,10,-5.5,41.5,NO,Under,outdoors,0,Lincoln Financial Field
2022,17,2023-01-01,Sunday,13:00,CAR,TB,24,30,-3.5,40.5,TB,Over,outdoors,1,Raymond James Stadium
2022,17,2023-01-01,Sunday,13:00,CLE,WAS,24,10,-1.0,41.5,CLE,Under,outdoors,0,FedExField
2022,17,2023-01-01,Sunday,16:05,SF,LV,37,34,10.0,41.5,LV,Over,dome,0,Allegiant Stadium
2022,17,2023-01-01,Sunday,16:05,NYJ,SEA,6,23,1.0,43.0,SEA,Under,outdoors,0,Lumen Field
2022,17,2023-01-01,Sunday,16:25,MIN,GB,17,41,-3.0,47.5,GB,Over,outdoors,1,Lambeau Field
2022,17,2023-01-01,Sunday,16:25,LA,LAC,10,31,-6.5,41.5,LAC,Under,dome,0,SoFi Stadium
2022,17,2023-01-01,Sunday,20:20,PIT,BAL,16,13,-1.0,35.5,PIT,Under,outdoors,1,M&T Bank Stadium
2022,18,2023-01-07,Saturday,16:30,KC,LV,31,13,9.0,51.5,KC,Under,dome,1,Allegiant Stadium
2022,18,2023-01-07,Saturday,20:15,TEN,JAX,16,20,-6.0,39.5,TEN,Under,outdoors,1,TIAA Bank Stadium
2022,18,2023-01-08,Sunday,13:00,TB,ATL,17,30,-6.0,40.5,ATL,Over,closed,1,Mercedes-Benz Stadium
2022,18,2023-01-08,Sunday,13:00,NE,BUF,23,35,-8.0,44.0,BUF,Over,outdoors,1,New Era Field
2022,18,2023-01-08,Sunday,13:00,MIN,CHI,29,13,6.5,42.5,MIN,Under,outdoors,1,Soldier Field
2022,18,2023-01-08,Sunday,13:00,BAL,CIN,16,27,-11.0,39.0,PUSH,Over,outdoors,1,Paycor Stadium
2022,18,2023-01-08,Sunday,13:00,HOU,IND,32,31,-3.0,38.0,HOU,Over,closed,1,Lucas Oil Stadium
2022,18,2023-01-08,Sunday,13:00,NYJ,MIA,6,11,-3.5,37.5,MIA,Under,outdoors,1,Hard Rock Stadium
2022,18,2023-01-08,Sunday,13:00,CAR,NO,10,7,-3.5,41.5,CAR,Under,dome,1,Mercedes-Benz Superdome
2022,18,2023-01-08,Sunday,13:00,CLE,PIT,14,28,-2.5,40.0,PIT,Over,outdoors,1,Acrisure Stadium
2022,18,2023-01-08,Sunday,16:25,LAC,DEN,28,31,-6.0,38.5,LAC,Over,outdoors,1,Empower Field at Mile High
2022,18,2023-01-08,Sunday,16:25,NYG,PHI,16,22,-16.5,42.5,NYG,Under,outdoors,1,Lincoln Financial Field
2022,18,2023-01-08,Sunday,16:25,LA,SEA,16,19,-5.5,41.5,LA,Under,outdoors,1,Lumen Field
2022,18,2023-01-08,Sunday,16:25,ARI,SF,13,38,-14.0,40.0,SF,Over,outdoors,1,Levi's Stadium
2022,18,2023-01-08,Sunday,16:25,DAL,WAS,6,26,7.5,40.5,WAS,Under,outdoors,1,FedExField
2022,18,2023-01-08,Sunday,20:20,DET,GB,20,16,-5.5,49.0,DET,Under,outdoors,1,Lambeau Field
2023,1,2023-09-07,Thursday,20:20,DET,KC,21,20,-4.0,53.0,DET,Under,outdoors,0,GEHA Field at Arrowhead Stadium
2023,1,2023-09-10,Sunday,13:00,CAR,ATL,10,24,-3.5,40.5,ATL,Under,closed,1,Mercedes-Benz Stadium
2023,1,2023-09-10,Sunday,13:00,HOU,BAL,9,25,-9.5,43.5,BAL,Under,outdoors,0,M&T Bank Stadium
2023,1,2023-09-10,Sunday,13:00,CIN,CLE,3,24,1.0,46.5,CLE,Under,outdoors,1,FirstEnergy Stadium
2023,1,2023-09-10,Sunday,13:00,JAX,IND,31,21,4.0,45.5,JAX,Over,closed,1,Lucas Oil Stadium
2023,1,2023-09-10,Sunday,13:00,TB,MIN,20,17,-4.0,45.0,TB,Under,dome,0,U.S. Bank Stadium
2023,1,2023-09-10,Sunday,13:00,TEN,NO,15,16,-3.0,41.0,TEN,Under,dome,0,Mercedes-Benz Superdome
2023,1,2023-09-10,Sunday,13:00,SF,PIT,30,7,1.5,41.5,SF,Under,outdoors,0,Acrisure Stadium
2023,1,2023-09-10,Sunday,13:00,ARI,WAS,16,20,-7.0,38.0,ARI,Under,outdoors,0,FedExField
2023,1,2023-09-10,Sunday,16:25,GB,CHI,38,20,-1.0,41.0,GB,Over,outdoors,1,Soldier Field
2023,1,2023-09-10,Sunday,16:25,LV,DEN,17,16,-3.0,43.0,LV,Under,outdoors,1,Empower Field at Mile High
2023,1,2023-09-10,Sunday,16:25,MIA,LAC,36,34,-3.0,50.5,MIA,Over,dome,0,SoFi Stadium
2023,1,2023-09-10,Sunday,16:25,PHI,NE,25,20,3.5,44.5,PHI,Over,outdoors,0,Gillette Stadium
2023,1,2023-09-10,Sunday,16:25,LA,SEA,30,13,-4.5,45.0,LA,Under,outdoors,1,Lumen Field
2023,1,2023-09-10,Sunday,20:20,DAL,NYG,40,0,3.5,44.5,DAL,Under,outdoors,1,MetLife Stadium
2023,1,2023-09-11,Monday,20:15,BUF,NYJ,16,22,2.5,44.5,NYJ,Under,outdoors,1,MetLife Stadium
2023,2,2023-09-14,Thursday,20:15,MIN,PHI,28,34,-6.0,49.0,PUSH,Over,outdoors,0,Lincoln Financial Field
2023,2,2023-09-17,Sunday,13:00,GB,ATL,24,25,-3.0,40.5,GB,Over,open,0,Mercedes-Benz Stadium
2023,2,2023-09-17,Sunday,13:00,LV,BUF,10,38,-7.5,47.0,BUF,Over,outdoors,0,New Era Field
2023,2,2023-09-17,Sunday,13:00,BAL,CIN,27,24,-3.5,45.5,BAL,Over,outdoors,1,Paycor Stadium
2023,2,2023-09-17,Sunday,13:00,SEA,DET,37,31,-4.5,47.5,SEA,Over,dome,0,Ford Field
2023,2,2023-09-17,Sunday,13:00,IND,HOU,31,20,1.0,40.0,IND,Over,open,1,NRG Stadium
2023,2,2023-09-17,Sunday,13:00,KC,JAX,17,9,3.5,50.5,KC,Under,outdoors,0,TIAA Bank Stadium
2023,2,2023-09-17,Sunday,13:00,CHI,TB,17,27,-2.5,41.0,TB,Over,outdoors,0,Raymond James Stadium
2023,2,2023-09-17,Sunday,13:00,LAC,TEN,24,27,2.5,45.5,TEN,Over,outdoors,0,Nissan Stadium
2023,2,2023-09-17,Sunday,16:05,NYG,ARI,31,28,5.0,40.0,ARI,Over,closed,0,State Farm Stadium
2023,2,2023-09-17,Sunday,16:05,SF,LA,30,23,7.5,45.0,LA,Over,dome,1,SoFi Stadium
2023,2,2023-09-17,Sunday,16:25,NYJ,DAL,10,30,-8.5,38.5,DAL,Over,open,0,AT&T Stadium
2023,2,2023-09-17,Sunday,16:25,WAS,DEN,35,33,-4.0,38.5,WAS,Over,outdoors,0,Empower Field at Mile High
2023,2,2023-09-17,Sunday,20:20,MIA,NE,24,17,2.0,46.5,MIA,Under,outdoors,1,Gillette Stadium
2023,2,2023-09-18,Monday,19:15,NO,CAR,20,17,3.0,39.5,PUSH,Under,outdoors,1,Bank of America Stadium
2023,2,2023-09-18,Monday,20:15,CLE,PIT,22,26,2.5,39.0,PIT,Over,outdoors,1,Acrisure Stadium
2023,3,2023-09-21,Thursday,20:15,NYG,SF,12,30,-10.5,43.5,SF,Under,outdoors,0,Levi's Stadium
2023,3,2023-09-24,Sunday,13:00,IND,BAL,22,19,-7.5,43.5,IND,Under,outdoors,0,M&T Bank Stadium
2023,3,2023-09-24,Sunday,13:00,TEN,CLE,3,27,-3.5,38.0,CLE,Under,outdoors,0,FirstEnergy Stadium
2023,3,2023-09-24,Sunday,13:00,ATL,DET,6,20,-3.0,47.5,DET,Under,dome,0,Ford Field
2023,3,2023-09-24,Sunday,13:00,NO,GB,17,18,1.5,41.5,GB,Under,outdoors,0,Lambeau Field
2023,3,2023-09-24,Sunday,13:00,HOU,JAX,37,17,-7.5,43.5,HOU,Over,outdoors,1,TIAA Bank Stadium
2023,3,2023-09-24,Sunday,13:00,DEN,MIA,20,70,-6.0,47.5,MIA,Over,outdoors,0,Hard Rock Stadium
2023,3,2023-09-24,Sunday,13:00,LAC,MIN,28,24,-1.0,54.0,LAC,Under,dome,0,U.S. Bank Stadium
2023,3,2023-09-24,Sunday,13:00,NE,NYJ,15,10,2.5,35.5,NE,Under,outdoors,1,MetLife Stadium
2023,3,2023-09-24,Sunday,13:00,BUF,WAS,37,3,5.5,44.0,BUF,Under,outdoors,0,FedExField
2023,3,2023-09-24,Sunday,16:05,CAR,SEA,27,37,-5.0,42.5,SEA,Over,outdoors,0,Lumen Field
2023,3,2023-09-24,Sunday,16:25,DAL,ARI,16,28,11.5,43.5,ARI,Over,open,0,State Farm Stadium
2023,3,2023-09-24,Sunday,16:25,CHI,KC,10,41,-13.0,48.0,KC,Over,outdoors,0,GEHA Field at Arrowhead Stadium
2023,3,2023-09-24,Sunday,20:20,PIT,LV,23,18,-3.0,43.5,PIT,Under,dome,0,Allegiant Stadium
2023,3,2023-09-25,Monday,19:15,PHI,TB,25,11,6.0,44.0,PHI,Under,outdoors,0,Raymond James Stadium
2023,3,2023-09-25,Monday,20:15,LA,CIN,16,19,-3.0,45.5,PUSH,Under,outdoors,0,Paycor Stadium
2023,4,2023-09-28,Thursday,20:15,DET,GB,34,20,2.5,45.0,DET,Over,outdoors,1,Lambeau Field
2023,4,2023-10-01,Sunday,09:30,ATL,JAX,7,23,-3.5,42.5,JAX,Under,outdoors,0,Wembley Stadium
2023,4,2023-10-01,Sunday,13:00,MIA,BUF,20,48,-2.5,53.0,BUF,Over,outdoors,1,New Era Field
2023,4,2023-10-01,Sunday,13:00,MIN,CAR,21,13,4.5,46.5,MIN,Under,outdoors,0,Bank of America Stadium
2023,4,2023-10-01,Sunday,13:00,DEN,CHI,31,28,3.0,47.0,PUSH,Over,outdoors,0,Soldier Field
2023,4,2023-10-01,Sunday,13:00,BAL,CLE,28,3,2.0,38.5,BAL,Under,outdoors,1,FirstEnergy Stadium
2023,4,2023-10-01,Sunday,13:00,PIT,HOU,6,30,3.0,41.5,HOU,Under,open,0,NRG Stadium
2023,4,2023-10-01,Sunday,13:00,LA,IND,29,23,1.0,44.5,LA,Over,open,0,Lucas Oil Stadium
2023,4,2023-10-01,Sunday,13:00,TB,NO,26,9,-4.0,41.0,TB,Under,dome,1,Mercedes-Benz Superdome
2023,4,2023-10-01,Sunday,13:00,WAS,PHI,31,34,-9.5,43.0,WAS,Over,outdoors,1,Lincoln Financial Field
2023,4,2023-10-01,Sunday,13:00,CIN,TEN,3,27,2.5,41.5,TEN,Under,outdoors,0,Nissan Stadium
2023,4,2023-10-01,Sunday,16:05,LV,LAC,17,24,-7.0,49.0,PUSH,Under,dome,1,SoFi Stadium
2023,4,2023-10-01,Sunday,16:25,NE,DAL,3,38,-6.5,43.0,DAL,Under,closed,0,AT&T Stadium
2023,4,2023-10-01,Sunday,16:25,ARI,SF,16,35,-15.0,44.0,SF,Over,outdoors,1,Levi's Stadium
2023,4,2023-10-01,Sunday,20:20,KC,NYJ,23,20,9.5,41.5,NYJ,Over,outdoors,0,MetLife Stadium
2023,4,2023-10-02,Monday,20:15,SEA,NYG,24,3,2.5,46.5,SEA,Under,outdoors,0,MetLife Stadium
2023,5,2023-10-05,Thursday,20:15,CHI,WAS,40,20,-6.0,45.5,CHI,Over,outdoors,0,FedExField
2023,5,2023-10-08,Sunday,09:30,JAX,BUF,25,20,-5.5,48.5,JAX,Under,outdoors,0,Tottenham Stadium
2023,5,2023-10-08,Sunday,13:00,HOU,ATL,19,21,-2.5,42.0,HOU,Under,open,0,Mercedes-Benz Stadium
2023,5,2023-10-08,Sunday,13:00,CAR,DET,24,42,-9.5,43.5,DET,Over,dome,0,Ford Field
2023,5,2023-10-08,Sunday,13:00,TEN,IND,16,23,2.5,43.5,IND,Under,open,1,Lucas Oil Stadium
2023,5,2023-10-08,Sunday,13:00,NYG,MIA,16,31,-12.5,47.5,MIA,Under,outdoors,0,Hard Rock Stadium
2023,5,2023-10-08,Sunday,13:00,NO,NE,34,0,-2.5,38.5,NO,Under,outdoors,0,Gillette Stadium
2023,5,2023-10-08,Sunday,13:00,BAL,PIT,10,17,4.5,38.5,PIT,Under,outdoors,1,Acrisure Stadium
2023,5,2023-10-08,Sunday,16:05,CIN,ARI,34,20,3.0,45.5,CIN,Over,closed,0,State Farm Stadium
2023,5,2023-10-08,Sunday,16:05,PHI,LA,23,14,3.5,50.5,PHI,Under,dome,0,SoFi Stadium
2023,5,2023-10-08,Sunday,16:25,NYJ,DEN,31,21,-2.5,42.5,NYJ,Over,outdoors,0,Empower Field at Mile High
2023,5,2023-10-08,Sunday,16:25,KC,MIN,27,20,3.5,52.5,KC,Under,dome,0,U.S. Bank Stadium
2023,5,2023-10-08,Sunday,20:20,DAL,SF,10,42,-3.5,45.0,SF,Over,outdoors,0,Levi's Stadium
2023,5,2023-10-09,Monday,20:15,GB,LV,13,17,-1.0,45.0,LV,Under,dome,0,Allegiant Stadium
2023,6,2023-10-12,Thursday,20:15,DEN,KC,8,19,-10.5,47.5,KC,Under,outdoors,1,GEHA Field at Arrowhead Stadium
2023,6,2023-10-15,Sunday,09:30,BAL,TEN,24,16,5.5,42.5,BAL,Under,outdoors,0,Tottenham Stadium
2023,6,2023-10-15,Sunday,13:00,WAS,ATL,24,16,-1.5,42.0,WAS,Under,closed,0,Mercedes-Benz Stadium
2023,6,2023-10-15,Sunday,13:00,MIN,CHI,19,13,3.0,44.5,MIN,Under,outdoors,1,Soldier Field
2023,6,2023-10-15,Sunday,13:00,SEA,CIN,13,17,-3.0,45.5,CIN,Under,outdoors,0,Paycor Stadium
2023,6,2023-10-15,Sunday,13:00,SF,CLE,17,19,9.5,36.0,CLE,Push,outdoors,0,FirstEnergy Stadium
2023,6,2023-10-15,Sunday,13:00,NO,HOU,13,20,2.0,42.5,HOU,Under,closed,0,NRG Stadium
2023,6,2023-10-15,Sunday,13:00,IND,JAX,20,37,-4.0,44.0,JAX,Over,outdoors,1,TIAA Bank Stadium
2023,6,2023-10-15,Sunday,13:00,CAR,MIA,21,42,-14.0,47.5,MIA,Over,outdoors,0,Hard Rock Stadium
2023,6,2023-10-15,Sunday,16:05,NE,LV,17,21,-3.0,41.5,LV,Under,dome,0,Allegiant Stadium
2023,6,2023-10-15,Sunday,16:25,ARI,LA,9,26,-7.0,48.0,LA,Under,dome,1,SoFi Stadium
2023,6,2023-10-15,Sunday,16:25,PHI,NYJ,14,20,6.5,43.0,NYJ,Under,outdoors,0,MetLife Stadium
2023,6,2023-10-15,Sunday,16:25,DET,TB,20,6,3.0,43.5,DET,Under,outdoors,0,Raymond James Stadium
2023,6,2023-10-15,Sunday,20:20,NYG,BUF,9,14,-15.5,43.5,NYG,Under,outdoors,0,New Era Field
2023,6,2023-10-16,Monday,20:15,DAL,LAC,20,17,1.5,49.5,DAL,Under,dome,0,SoFi Stadium
2023,7,2023-10-19,Thursday,20:15,JAX,NO,31,24,-2.5,41.0,JAX,Over,dome,0,Mercedes-Benz Superdome
2023,7,2023-10-22,Sunday,13:00,DET,BAL,6,38,-3.0,43.5,BAL,Over,outdoors,0,M&T Bank Stadium
2023,7,2023-10-22,Sunday,13:00,LV,CHI,12,30,2.5,38.5,CHI,Over,outdoors,0,Soldier Field
2023,7,2023-10-22,Sunday,13:00,CLE,IND,39,38,3.5,40.0,IND,Over,open,0,Lucas Oil Stadium
2023,7,2023-10-22,Sunday,13:00,BUF,NE,25,29,7.5,41.0,NE,Over,outdoors,1,Gillette Stadium
2023,7,2023-10-22,Sunday,13:00,WAS,NYG,7,14,3.0,37.0,NYG,Under,outdoors,1,MetLife Stadium
2023,7,2023-10-22,Sunday,13:00,ATL,TB,16,13,-3.0,37.5,ATL,Under,outdoors,1,Raymond James Stadium
2023,7,2023-10-22,Sunday,16:05,PIT,LA,24,17,-3.5,44.0,PIT,Under,dome,0,SoFi Stadium
2023,7,2023-10-22,Sunday,16:05,ARI,SEA,10,20,-9.5,43.5,SEA,Under,outdoors,1,Lumen Field
2023,7,2023-10-22,Sunday,16:25,GB,DEN,17,19,-1.5,44.0,DEN,Under,outdoors,0,Empower Field at Mile High
2023,7,2023-10-22,Sunday,16:25,LAC,KC,17,31,-5.5,48.5,KC,Under,outdoors,1,GEHA Field at Arrowhead Stadium
2023,7,2023-10-22,Sunday,20:20,MIA,PHI,17,31,-3.0,52.0,PHI,Under,outdoors,0,Lincoln Financial Field
2023,7,2023-10-23,Monday,20:15,SF,MIN,17,22,7.0,44.5,MIN,Under,dome,0,U.S. Bank Stadium
2023,8,2023-10-26,Thursday,20:15,TB,BUF,18,24,-10.0,43.0,TB,Under,outdoors,0,New Era Field
2023,8,2023-10-29,Sunday,13:00,HOU,CAR,13,15,3.0,43.0,CAR,Under,outdoors,0,Bank of America Stadium
2023,8,2023-10-29,Sunday,13:00,LA,DAL,20,43,-6.5,44.5,DAL,Over,closed,0,AT&T Stadium
2023,8,2023-10-29,Sunday,13:00,MIN,GB,24,10,1.0,41.5,MIN,Under,outdoors,1,Lambeau Field
2023,8,2023-10-29,Sunday,13:00,NO,IND,38,27,2.0,43.5,NO,Over,closed,0,Lucas Oil Stadium
2023,8,2023-10-29,Sunday,13:00,NE,MIA,17,31,-7.5,46.5,MIA,Over,outdoors,1,Hard Rock Stadium
2023,8,2023-10-29,Sunday,13:00,NYJ,NYG,13,10,3.0,35.0,PUSH,Under,outdoors,0,MetLife Stadium
2023,8,2023-10-29,Sunday,13:00,JAX,PIT,20,10,2.5,41.0,JAX,Under,outdoors,0,Acrisure Stadium
2023,8,2023-10-29,Sunday,13:00,ATL,TEN,23,28,2.5,35.0,TEN,Over,outdoors,0,Nissan Stadium
2023,8,2023-10-29,Sunday,13:00,PHI,WAS,38,31,7.0,42.5,PUSH,Over,outdoors,1,FedExField
2023,8,2023-10-29,Sunday,16:05,CLE,SEA,20,24,-4.0,39.5,PUSH,Over,outdoors,0,Lumen Field
2023,8,2023-10-29,Sunday,16:25,BAL,ARI,31,24,9.5,44.5,ARI,Over,closed,0,State Farm Stadium
2023,8,2023-10-29,Sunday,16:25,KC,DEN,9,24,7.0,45.5,DEN,Under,outdoors,1,Empower Field at Mile High
2023,8,2023-10-29,Sunday,16:25,CIN,SF,31,17,-4.0,44.0,CIN,Over,outdoors,0,Levi's Stadium
2023,8,2023-10-29,Sunday,20:20,CHI,LAC,13,30,-9.5,46.0,LAC,Under,dome,0,SoFi Stadium
2023,8,2023-10-30,Monday,20:15,LV,DET,14,26,-7.0,46.0,DET,Under,dome,0,Ford Field
2023,9,2023-11-02,Thursday,20:15,TEN,PIT,16,20,-3.5,37.0,PIT,Under,outdoors,0,Acrisure Stadium
2023,9,2023-11-05,Sunday,09:30,MIA,KC,14,21,-1.0,51.0,KC,Under,outdoors,0,Deutsche Bank Park
2023,9,2023-11-05,Sunday,13:00,MIN,ATL,31,28,-3.5,38.5,MIN,Over,open,0,Mercedes-Benz Stadium
2023,9,2023-11-05,Sunday,13:00,SEA,BAL,3,37,-6.0,44.5,BAL,Under,outdoors,0,M&T Bank Stadium
2023,9,2023-11-05,Sunday,13:00,ARI,CLE,0,27,-13.0,38.0,CLE,Under,outdoors,0,FirstEnergy Stadium
2023,9,2023-11-05,Sunday,13:00,LA,GB,3,20,-3.5,38.0,GB,Under,outdoors,0,Lambeau Field
2023,9,2023-11-05,Sunday,13:00,TB,HOU,37,39,-2.5,39.5,TB,Over,closed,0,NRG Stadium
2023,9,2023-11-05,Sunday,13:00,WAS,NE,20,17,-2.5,40.5,WAS,Under,outdoors,0,Gillette Stadium
2023,9,2023-11-05,Sunday,13:00,CHI,NO,17,24,-9.0,42.0,CHI,Under,dome,0,Mercedes-Benz Superdome
2023,9,2023-11-05,Sunday,16:05,IND,CAR,27,13,1.5,45.0,IND,Under,outdoors,0,Bank of America Stadium
2023,9,2023-11-05,Sunday,16:25,NYG,LV,6,30,-1.0,38.5,LV,Under,dome,0,Allegiant Stadium
2023,9,2023-11-05,Sunday,16:25,DAL,PHI,23,28,-3.5,46.5,PHI,Over,outdoors,1,Lincoln Financial Field
2023,9,2023-11-05,Sunday,20:20,BUF,CIN,18,24,-1.5,51.0,CIN,Under,outdoors,0,Paycor Stadium
2023,9,2023-11-06,Monday,20:15,LAC,NYJ,27,6,3.0,41.0,LAC,Under,outdoors,0,MetLife Stadium
2023,10,2023-11-09,Thursday,20:15,CAR,CHI,13,16,-3.0,38.0,PUSH,Under,outdoors,0,Soldier Field
2023,10,2023-11-12,Sunday,09:30,IND,NE,10,6,1.0,42.0,IND,Under,outdoors,0,Deutsche Bank Park
2023,10,2023-11-12,Sunday,13:00,CLE,BAL,33,31,-6.0,38.5,CLE,Over,outdoors,1,M&T Bank Stadium
2023,10,2023-11-12,Sunday,13:00,HOU,CIN,30,27,-5.5,46.0,HOU,Over,outdoors,0,Paycor Stadium
2023,10,2023-11-12,Sunday,13:00,SF,JAX,34,3,3.0,44.5,SF,Under,outdoors,0,TIAA Bank Stadium
2023,10,2023-11-12,Sunday,13:00,NO,MIN,19,27,3.0,41.0,MIN,Over,dome,0,U.S. Bank Stadium
2023,10,2023-11-12,Sunday,13:00,GB,PIT,19,23,-3.0,38.5,PIT,Over,outdoors,0,Acrisure Stadium
2023,10,2023-11-12,Sunday,13:00,TEN,TB,6,20,-2.5,39.5,TB,Under,outdoors,0,Raymond James Stadium
2023,10,2023-11-12,Sunday,16:05,ATL,ARI,23,25,2.0,43.5,ARI,Over,closed,0,State Farm Stadium
2023,10,2023-11-12,Sunday,16:05,DET,LAC,41,38,2.5,48.5,DET,Over,dome,0,SoFi Stadium
2023,10,2023-11-12,Sunday,16:25,NYG,DAL,17,49,-17.5,38.5,DAL,Over,closed,1,AT&T Stadium
2023,10,2023-11-12,Sunday,16:25,WAS,SEA,26,29,-6.0,44.0,WAS,Over,outdoors,0,Lumen Field
2023,10,2023-11-12,Sunday,20:20,NYJ,LV,12,16,1.0,35.5,LV,Under,dome,0,Allegiant Stadium
2023,10,2023-11-13,Monday,20:15,DEN,BUF,24,22,-7.5,47.5,DEN,Under,outdoors,0,New Era Field
2023,11,2023-11-16,Thursday,20:15,CIN,BAL,20,34,-4.0,46.5,BAL,Over,outdoors,1,M&T Bank Stadium
2023,11,2023-11-19,Sunday,13:00,DAL,CAR,33,10,11.0,43.0,DAL,Push,outdoors,0,Bank of America Stadium
2023,11,2023-11-19,Sunday,13:00,PIT,CLE,10,13,-2.5,34.0,CLE,Under,outdoors,1,FirstEnergy Stadium
2023,11,2023-11-19,Sunday,13:00,CHI,DET,26,31,-8.0,48.0,CHI,Over,dome,1,Ford Field
2023,11,2023-11-19,Sunday,13:00,LAC,GB,20,23,3.0,44.0,GB,Under,outdoors,0,Lambeau Field
2023,11,2023-11-19,Sunday,13:00,ARI,HOU,16,21,-5.5,48.0,ARI,Under,closed,0,NRG Stadium
2023,11,2023-11-19,Sunday,13:00,TEN,JAX,14,34,-6.5,40.0,JAX,Over,outdoors,1,TIAA Bank Stadium
2023,11,2023-11-19,Sunday,13:00,LV,MIA,13,20,-14.0,44.5,LV,Under,outdoors,0,Hard Rock Stadium
2023,11,2023-11-19,Sunday,13:00,NYG,WAS,31,19,-7.5,39.0,NYG,Over,outdoors,1,FedExField
2023,11,2023-11-19,Sunday,16:05,TB,SF,14,27,-13.5,41.5,TB,Under,outdoors,0,Levi's Stadium
2023,11,2023-11-19,Sunday,16:25,NYJ,BUF,6,32,-8.0,39.5,BUF,Under,outdoors,1,New Era Field
2023,11,2023-11-19,Sunday,16:25,SEA,LA,16,17,-2.5,45.0,SEA,Under,dome,1,SoFi Stadium
2023,11,2023-11-19,Sunday,20:20,MIN,DEN,20,21,-2.5,43.5,MIN,Under,outdoors,0,Empower Field at Mile High
2023,11,2023-11-20,Monday,20:15,PHI,KC,21,17,-2.5,46.0,PHI,Under,outdoors,0,GEHA Field at Arrowhead Stadium
2023,12,2023-11-23,Thursday,12:30,GB,DET,29,22,-8.5,47.0,GB,Over,dome,1,Ford Field
2023,12,2023-11-23,Thursday,16:30,WAS,DAL,10,45,-13.0,48.0,DAL,Over,closed,1,AT&T Stadium
2023,12,2023-11-23,Thursday,20:20,SF,SEA,31,13,7.0,43.5,SF,Over,outdoors,1,Lumen Field
2023,12,2023-11-24,Friday,15:00,MIA,NYJ,34,13,9.5,40.0,MIA,Over,outdoors,1,MetLife Stadium
2023,12,2023-11-26,Sunday,13:00,NO,ATL,15,24,2.0,42.0,ATL,Under,closed,1,Mercedes-Benz Stadium
2023,12,2023-11-26,Sunday,13:00,PIT,CIN,16,10,2.0,36.0,PIT,Under,outdoors,1,Paycor Stadium
2023,12,2023-11-26,Sunday,13:00,JAX,HOU,24,21,1.0,48.0,JAX,Under,closed,1,NRG Stadium
2023,12,2023-11-26,Sunday,13:00,TB,IND,20,27,-2.5,45.0,IND,Over,closed,0,Lucas Oil Stadium
2023,12,2023-11-26,Sunday,13:00,NE,NYG,7,10,4.5,36.5,NYG,Under,outdoors,0,MetLife Stadium
2023,12,2023-11-26,Sunday,13:00,CAR,TEN,10,17,-3.5,36.0,TEN,Under,outdoors,0,Nissan Stadium
2023,12,2023-11-26,Sunday,16:05,LA,ARI,37,14,3.0,45.0,LA,Over,closed,1,State Farm Stadium
2023,12,2023-11-26,Sunday,16:05,CLE,DEN,12,29,-1.5,37.5,DEN,Over,outdoors,0,Empower Field at Mile High
2023,12,2023-11-26,Sunday,16:25,KC,LV,31,17,9.0,42.5,KC,Over,dome,1,Allegiant Stadium
2023,12,2023-11-26,Sunday,16:25,BUF,PHI,34,37,-2.5,49.0,PHI,Over,outdoors,0,Lincoln Financial Field
2023,12,2023-11-26,Sunday,20:20,BAL,LAC,20,10,3.0,49.0,BAL,Under,dome,0,SoFi Stadium
2023,12,2023-11-27,Monday,20:15,CHI,MIN,12,10,-3.0,43.5,CHI,Under,dome,1,U.S. Bank Stadium
2023,13,2023-11-30,Thursday,20:15,SEA,DAL,35,41,-9.5,47.5,SEA,Over,closed,0,AT&T Stadium
2023,13,2023-12-03,Sunday,13:00,DEN,HOU,17,22,-3.5,47.5,HOU,Under,closed,0,NRG Stadium
2023,13,2023-12-03,Sunday,13:00,LAC,NE,6,0,4.5,38.5,LAC,Under,outdoors,0,Gillette Stadium
2023,13,2023-12-03,Sunday,13:00,DET,NO,33,28,4.0,47.5,DET,Over,dome,0,Mercedes-Benz Superdome
2023,13,2023-12-03,Sunday,13:00,ATL,NYJ,13,8,2.0,33.0,ATL,Under,outdoors,0,MetLife Stadium
2023,13,2023-12-03,Sunday,13:00,ARI,PIT,24,10,-6.0,41.0,ARI,Under,outdoors,0,Acrisure Stadium
2023,13,2023-12-03,Sunday,13:00,IND,TEN,31,28,1.5,42.0,IND,Over,outdoors,1,Nissan Stadium
2023,13,2023-12-03,Sunday,13:00,MIA,WAS,45,15,8.5,50.0,MIA,Over,outdoors,0,FedExField
2023,13,2023-12-03,Sunday,16:05,CAR,TB,18,21,-4.0,37.0,CAR,Over,outdoors,1,Raymond James Stadium
2023,13,2023-12-03,Sunday,16:25,CLE,LA,19,36,-3.5,39.5,LA,Over,dome,0,SoFi Stadium
2023,13,2023-12-03,Sunday,16:25,SF,PHI,42,19,3.0,46.5,SF,Over,outdoors,0,Lincoln Financial Field
2023,13,2023-12-03,Sunday,20:20,KC,GB,19,27,5.5,43.5,GB,Over,outdoors,0,Lambeau Field
2023,13,2023-12-04,Monday,20:15,CIN,JAX,34,31,-10.0,41.0,CIN,Over,outdoors,0,TIAA Bank Stadium
2023,14,2023-12-07,Thursday,20:15,NE,PIT,21,18,-6.0,30.0,NE,Over,outdoors,0,Acrisure Stadium
2023,14,2023-12-10,Sunday,13:00,TB,ATL,29,25,-1.5,41.5,TB,Over,closed,1,Mercedes-Benz Stadium
2023,14,2023-12-10,Sunday,13:00,LA,BAL,31,37,-7.5,42.0,LA,Over,outdoors,0,M&T Bank Stadium
2023,14,2023-12-10,Sunday,13:00,DET,CHI,13,28,3.0,44.5,CHI,Under,outdoors,1,Soldier Field
2023,14,2023-12-10,Sunday,13:00,IND,CIN,14,34,-3.0,45.0,CIN,Over,outdoors,0,Paycor Stadium
2023,14,2023-12-10,Sunday,13:00,JAX,CLE,27,31,-2.5,37.5,CLE,Over,outdoors,0,FirstEnergy Stadium
2023,14,2023-12-10,Sunday,13:00,CAR,NO,6,28,-5.5,39.0,NO,Under,dome,1,Mercedes-Benz Superdome
2023,14,2023-12-10,Sunday,13:00,HOU,NYJ,6,30,3.5,33.5,NYJ,Over,outdoors,0,MetLife Stadium
2023,14,2023-12-10,Sunday,16:05,MIN,LV,3,0,3.0,40.5,PUSH,Under,dome,0,Allegiant Stadium
2023,14,2023-12-10,Sunday,16:05,SEA,SF,16,28,-14.5,44.5,SEA,Under,outdoors,1,Levi's Stadium
2023,14,2023-12-10,Sunday,16:25,BUF,KC,20,17,-2.0,49.5,BUF,Under,outdoors,0,GEHA Field at Arrowhead Stadium
2023,14,2023-12-10,Sunday,16:25,DEN,LAC,24,7,-3.0,45.0,DEN,Under,dome,1,SoFi Stadium
2023,14,2023-12-10,Sunday,20:20,PHI,DAL,13,33,-3.5,52.5,DAL,Under,closed,1,AT&T Stadium
2023,14,2023-12-11,Monday,20:15,TEN,MIA,28,27,-14.0,45.0,TEN,Over,outdoors,0,Hard Rock Stadium
2023,14,2023-12-11,Monday,20:15,GB,NYG,22,24,6.0,37.5,NYG,Over,outdoors,0,MetLife Stadium
2023,15,2023-12-14,Thursday,20:15,LAC,LV,21,63,-3.0,36.0,LV,Over,dome,1,Allegiant Stadium
2023,15,2023-12-16,Saturday,13:00,MIN,CIN,24,27,-3.0,41.5,PUSH,Over,outdoors,0,Paycor Stadium
2023,15,2023-12-16,Saturday,16:30,PIT,IND,13,30,-1.5,41.5,IND,Over,closed,0,Lucas Oil Stadium
2023,15,2023-12-16,Saturday,20:15,DEN,DET,17,42,-5.5,49.0,DET,Over,dome,0,Ford Field
2023,15,2023-12-17,Sunday,13:00,ATL,CAR,7,9,3.0,32.0,CAR,Under,outdoors,1,Bank of America Stadium
2023,15,2023-12-17,Sunday,13:00,CHI,CLE,17,20,-3.0,38.0,PUSH,Under,outdoors,0,FirstEnergy Stadium
2023,15,2023-12-17,Sunday,13:00,TB,GB,34,20,-4.0,41.5,TB,Over,outdoors,0,Lambeau Field
2023,15,2023-12-17,Sunday,13:00,NYJ,MIA,0,30,-7.5,36.0,MIA,Under,outdoors,1,Hard Rock Stadium
2023,15,2023-12-17,Sunday,13:00,KC,NE,27,17,10.0,39.5,PUSH,Over,outdoors,0,Gillette Stadium
2023,15,2023-12-17,Sunday,13:00,NYG,NO,6,24,-6.0,39.5,NO,Under,dome,0,Mercedes-Benz Superdome
2023,15,2023-12-17,Sunday,13:00,HOU,TEN,19,16,-3.0,38.0,HOU,Under,outdoors,1,Nissan Stadium
2023,15,2023-12-17,Sunday,16:05,SF,ARI,45,29,12.5,48.0,SF,Over,open,1,State Farm Stadium
2023,15,2023-12-17,Sunday,16:05,WAS,LA,20,28,-6.5,48.5,LA,Under,dome,0,SoFi Stadium
2023,15,2023-12-17,Sunday,16:25,DAL,BUF,10,31,-2.0,49.5,BUF,Under,outdoors,0,New Era Field
2023,15,2023-12-17,Sunday,20:20,BAL,JAX,23,7,4.0,42.5,BAL,Under,outdoors,0,TIAA Bank Stadium
2023,15,2023-12-18,Monday,20:15,PHI,SEA,17,20,5.0,46.0,SEA,Under,outdoors,0,Lumen Field
2023,16,2023-12-21,Thursday,20:15,NO,LA,22,30,-4.0,45.5,LA,Over,dome,0,SoFi Stadium
2023,16,2023-12-23,Saturday,16:30,CIN,PIT,11,34,3.0,39.5,PIT,Over,outdoors,1,Acrisure Stadium
2023,16,2023-12-23,Saturday,20:00,BUF,LAC,24,22,13.0,44.5,LAC,Over,dome,0,SoFi Stadium
2023,16,2023-12-24,Sunday,13:00,IND,ATL,10,29,-3.0,44.0,ATL,Under,closed,0,Mercedes-Benz Stadium
2023,16,2023-12-24,Sunday,13:00,GB,CAR,33,30,3.5,39.5,CAR,Over,outdoors,0,Bank of America Stadium
2023,16,2023-12-24,Sunday,13:00,CLE,HOU,36,22,3.0,40.0,CLE,Over,closed,0,NRG Stadium
2023,16,2023-12-24,Sunday,13:00,DET,MIN,30,24,2.5,47.5,DET,Over,dome,1,U.S. Bank Stadium
2023,16,2023-12-24,Sunday,13:00,WAS,NYJ,28,30,-3.0,36.5,WAS,Over,outdoors,0,MetLife Stadium
2023,16,2023-12-24,Sunday,13:00,SEA,TEN,20,17,3.0,42.0,PUSH,Under,outdoors,0,Nissan Stadium
2023,16,2023-12-24,Sunday,16:05,JAX,TB,12,30,2.0,43.0,TB,Under,outdoors,0,Raymond James Stadium
2023,16,2023-12-24,Sunday,16:25,ARI,CHI,16,27,-4.5,42.0,CHI,Over,outdoors,0,Soldier Field
2023,16,2023-12-24,Sunday,16:25,DAL,MIA,20,22,-1.5,48.5,MIA,Under,outdoors,0,Hard Rock Stadium
2023,16,2023-12-24,Sunday,20:15,NE,DEN,26,23,-7.0,37.5,NE,Over,outdoors,0,Empower Field at Mile High
2023,16,2023-12-25,Monday,13:00,LV,KC,20,14,-11.0,40.5,LV,Under,outdoors,1,GEHA Field at Arrowhead Stadium
2023,16,2023-12-25,Monday,16:30,NYG,PHI,25,33,-14.0,41.0,NYG,Over,outdoors,1,Lincoln Financial Field
2023,16,2023-12-25,Monday,20:15,BAL,SF,33,19,-6.5,47.5,BAL,Over,outdoors,0,Levi's Stadium
2023,17,2023-12-28,Thursday,20:15,NYJ,CLE,20,37,-6.5,33.5,CLE,Over,outdoors,0,FirstEnergy Stadium
2023,17,2023-12-30,Saturday,20:15,DET,DAL,19,20,-5.5,53.0,DET,Under,closed,0,AT&T Stadium
2023,17,2023-12-31,Sunday,13:00,MIA,BAL,19,56,-3.0,47.0,BAL,Over,outdoors,0,M&T Bank Stadium
2023,17,2023-12-31,Sunday,13:00,NE,BUF,21,27,-15.0,40.0,NE,Over,outdoors,1,New Era Field
2023,17,2023-12-31,Sunday,13:00,ATL,CHI,17,37,-3.0,39.0,CHI,Over,outdoors,0,Soldier Field
2023,17,2023-12-31,Sunday,13:00,TEN,HOU,3,26,-5.0,44.0,HOU,Under,closed,1,NRG Stadium
2023,17,2023-12-31,Sunday,13:00,LV,IND,20,23,-3.5,42.5,LV,Over,closed,0,Lucas Oil Stadium
2023,17,2023-12-31,Sunday,13:00,CAR,JAX,0,26,-3.5,38.0,JAX,Under,outdoors,0,TIAA Bank Stadium
2023,17,2023-12-31,Sunday,13:00,LA,NYG,26,25,6.0,43.5,NYG,Over,outdoors,0,MetLife Stadium
2023,17,2023-12-31,Sunday,13:00,ARI,PHI,35,31,-12.0,48.0,ARI,Over,outdoors,0,Lincoln Financial Field
2023,17,2023-12-31,Sunday,13:00,NO,TB,23,13,-2.5,42.5,NO,Under,outdoors,1,Raymond James Stadium
2023,17,2023-12-31,Sunday,13:00,SF,WAS,27,10,14.0,49.0,SF,Under,outdoors,0,FedExField
2023,17,2023-12-31,Sunday,16:05,PIT,SEA,30,23,-4.5,40.5,PIT,Over,outdoors,0,Lumen Field
2023,17,2023-12-31,Sunday,16:25,LAC,DEN,9,16,-3.5,39.5,DEN,Under,outdoors,1,Empower Field at Mile High
2023,17,2023-12-31,Sunday,16:25,CIN,KC,17,25,-7.5,46.0,KC,Under,outdoors,0,GEHA Field at Arrowhead Stadium
2023,17,2023-12-31,Sunday,20:20,GB,MIN,33,10,-1.0,42.5,GB,Over,dome,1,U.S. Bank Stadium
2023,18,2024-01-06,Saturday,16:30,PIT,BAL,17,10,3.0,34.0,PIT,Under,outdoors,1,M&T Bank Stadium
2023,18,2024-01-06,Saturday,20:15,HOU,IND,23,19,1.5,47.5,HOU,Under,closed,1,Lucas Oil Stadium
2023,18,2024-01-07,Sunday,13:00,TB,CAR,9,0,5.0,36.5,TB,Under,outdoors,1,Bank of America Stadium
2023,18,2024-01-07,Sunday,13:00,CLE,CIN,14,31,-7.5,37.0,CIN,Over,outdoors,1,Paycor Stadium
2023,18,2024-01-07,Sunday,13:00,MIN,DET,20,30,-3.5,47.5,DET,Over,dome,1,Ford Field
2023,18,2024-01-07,Sunday,13:00,NYJ,NE,17,3,-2.5,28.5,NYJ,Under,outdoors,1,Gillette Stadium
2023,18,2024-01-07,Sunday,13:00,ATL,NO,17,48,-3.5,41.5,NO,Over,dome,1,Mercedes-Benz Superdome
2023,18,2024-01-07,Sunday,13:00,JAX,TEN,20,28,3.5,41.5,TEN,Over,outdoors,1,Nissan Stadium
2023,18,2024-01-07,Sunday,16:25,SEA,ARI,21,20,2.5,48.0,ARI,Under,closed,1,State Farm Stadium
2023,18,2024-01-07,Sunday,16:25,CHI,GB,9,17,-2.5,45.5,GB,Under,outdoors,1,Lambeau Field
2023,18,2024-01-07,Sunday,16:25,KC,LAC,13,12,-3.5,35.0,KC,Under,dome,1,SoFi Stadium
2023,18,2024-01-07,Sunday,16:25,DEN,LV,14,27,-3.5,37.5,LV,Over,dome,1,Allegiant Stadium
2023,18,2024-01-07,Sunday,16:25,PHI,NYG,10,27,4.5,43.0,NYG,Under,outdoors,1,MetLife Stadium
2023,18,2024-01-07,Sunday,16:25,LA,SF,21,20,-5.5,40.0,LA,Over,outdoors,1,Levi's Stadium
2023,18,2024-01-07,Sunday,16:25,DAL,WAS,38,10,13.0,47.5,DAL,Over,outdoors,1,FedExField
2023,18,2024-01-07,Sunday,20:20,BUF,MIA,21,14,2.5,47.5,BUF,Under,outdoors,1,Hard Rock Stadium
2024,1,2024-09-05,Thursday,20:20,BAL,KC,20,27,-3.0,46.0,KC,Over,outdoors,0,GEHA Field at Arrowhead Stadium
2024,1,2024-09-06,Friday,20:15,GB,PHI,29,34,-2.0,49.5,PHI,Over,outdoors,0,Arena Corinthians
2024,1,2024-09-08,Sunday,13:00,PIT,ATL,18,10,-4.0,43.0,PIT,Under,closed,0,Mercedes-Benz Stadium
2024,1,2024-09-08,Sunday,13:00,ARI,BUF,28,34,-6.5,46.0,ARI,Over,outdoors,0,New Era Field
2024,1,2024-09-08,Sunday,13:00,TEN,CHI,17,24,-4.0,43.0,CHI,Under,outdoors,0,Soldier Field
2024,1,2024-09-08,Sunday,13:00,NE,CIN,16,10,-8.0,40.5,NE,Under,outdoors,0,Paycor Stadium
2024,1,2024-09-08,Sunday,13:00,HOU,IND,29,27,3.0,49.0,IND,Over,closed,1,Lucas Oil Stadium
2024,1,2024-09-08,Sunday,13:00,JAX,MIA,17,20,-3.5,49.5,JAX,Under,outdoors,0,Hard Rock Stadium
2024,1,2024-09-08,Sunday,13:00,CAR,NO,10,47,-3.5,41.5,NO,Over,dome,1,Mercedes-Benz Superdome
2024,1,2024-09-08,Sunday,13:00,MIN,NYG,28,6,1.0,42.5,MIN,Under,outdoors,0,MetLife Stadium
2024,1,2024-09-08,Sunday,16:05,LV,LAC,10,22,-3.0,41.0,LAC,Under,dome,1,SoFi Stadium
2024,1,2024-09-08,Sunday,16:05,DEN,SEA,20,26,-6.5,42.0,DEN,Over,outdoors,0,Lumen Field
2024,1,2024-09-08,Sunday,16:25,DAL,CLE,33,17,-2.5,42.0,DAL,Over,outdoors,0,FirstEnergy Stadium
2024,1,2024-09-08,Sunday,16:25,WAS,TB,20,37,-4.0,42.0,TB,Over,outdoors,0,Raymond James Stadium
2024,1,2024-09-08,Sunday,20:20,LA,DET,20,26,-5.0,54.0,DET,Under,dome,0,Ford Field
2024,1,2024-09-09,Monday,20:15,NYJ,SF,19,32,-3.5,43.0,SF,Over,outdoors,0,Levi's Stadium
2024,2,2024-09-12,Thursday,20:15,BUF,MIA,31,10,-2.5,48.5,BUF,Under,outdoors,1,Hard Rock Stadium
2024,2,2024-09-15,Sunday,13:00,LV,BAL,26,23,-9.0,41.0,LV,Over,outdoors,0,M&T Bank Stadium
2024,2,2024-09-15,Sunday,13:00,LAC,CAR,26,3,5.0,39.0,LAC,Under,outdoors,0,Bank of America Stadium
2024,2,2024-09-15,Sunday,13:00,NO,DAL,44,19,-6.5,47.0,NO,Over,closed,0,AT&T Stadium
2024,2,2024-09-15,Sunday,13:00,TB,DET,20,16,-7.5,51.5,TB,Under,dome,0,Ford Field
2024,2,2024-09-15,Sunday,13:00,IND,GB,10,16,3.0,41.5,GB,Under,outdoors,0,Lambeau Field
2024,2,2024-09-15,Sunday,13:00,CLE,JAX,18,13,-3.0,41.5,CLE,Under,outdoors,0,TIAA Bank Stadium
2024,2,2024-09-15,Sunday,13:00,SF,MIN,17,23,4.5,46.5,MIN,Under,dome,0,U.S. Bank Stadium
2024,2,2024-09-15,Sunday,13:00,SEA,NE,23,20,3.5,39.0,NE,Over,outdoors,0,Gillette Stadium
2024,2,2024-09-15,Sunday,13:00,NYJ,TEN,24,17,3.5,41.5,NYJ,Under,outdoors,0,Nissan Stadium
2024,2,2024-09-15,Sunday,13:00,NYG,WAS,18,21,-1.5,42.5,WAS,Under,outdoors,1,FedExField
2024,2,2024-09-15,Sunday,16:05,LA,ARI,10,41,1.0,47.5,ARI,Over,closed,1,State Farm Stadium
2024,2,2024-09-15,Sunday,16:25,PIT,DEN,13,6,3.0,36.5,PIT,Under,outdoors,0,Empower Field at Mile High
2024,2,2024-09-15,Sunday,16:25,CIN,KC,25,26,-6.5,47.5,CIN,Over,outdoors,0,GEHA Field at Arrowhead Stadium
2024,2,2024-09-15,Sunday,20:20,CHI,HOU,13,19,-6.0,45.5,PUSH,Under,closed,0,NRG Stadium
2024,2,2024-09-16,Monday,20:15,ATL,PHI,22,21,-5.5,46.5,ATL,Under,outdoors,0,Lincoln Financial Field
2024,3,2024-09-19,Thursday,20:15,NE,NYJ,3,24,-6.5,39.0,NYJ,Under,outdoors,1,MetLife Stadium
2024,3,2024-09-22,Sunday,13:00,NYG,CLE,21,15,-6.5,38.0,NYG,Under,outdoors,0,FirstEnergy Stadium
2024,3,2024-09-22,Sunday,13:00,CHI,IND,16,21,-1.5,43.0,IND,Under,closed,0,Lucas Oil Stadium
2024,3,2024-09-22,Sunday,13:00,HOU,MIN,7,34,2.0,46.0,MIN,Under,dome,0,U.S. Bank Stadium
2024,3,2024-09-22,Sunday,13:00,PHI,NO,15,12,-2.5,49.0,PHI,Under,dome,0,Mercedes-Benz Superdome
2024,3,2024-09-22,Sunday,13:00,LAC,PIT,10,20,-3.0,36.0,PIT,Under,outdoors,0,Acrisure Stadium
2024,3,2024-09-22,Sunday,13:00,DEN,TB,26,7,-6.0,40.5,DEN,Under,outdoors,0,Raymond James Stadium
2024,3,2024-09-22,Sunday,13:00,GB,TEN,30,14,-3.0,37.0,GB,Over,outdoors,0,Nissan Stadium
2024,3,2024-09-22,Sunday,16:05,CAR,LV,36,22,-5.5,40.0,CAR,Over,dome,0,Allegiant Stadium
2024,3,2024-09-22,Sunday,16:05,MIA,SEA,3,24,-4.0,41.5,SEA,Under,outdoors,0,Lumen Field
2024,3,2024-09-22,Sunday,16:25,DET,ARI,20,13,3.0,51.5,DET,Under,closed,0,State Farm Stadium
2024,3,2024-09-22,Sunday,16:25,BAL,DAL,28,25,1.5,47.5,BAL,Over,closed,0,AT&T Stadium
2024,3,2024-09-22,Sunday,16:25,SF,LA,24,27,6.0,44.5,LA,Over,dome,1,SoFi Stadium
2024,3,2024-09-22,Sunday,20:20,KC,ATL,22,17,3.0,46.0,KC,Under,closed,0,Mercedes-Benz Stadium
2024,3,2024-09-23,Monday,19:30,JAX,BUF,10,47,-4.0,46.5,BUF,Over,outdoors,0,New Era Field
2024,3,2024-09-23,Monday,20:15,WAS,CIN,38,33,-7.5,46.0,WAS,Over,outdoors,0,Paycor Stadium
2024,4,2024-09-26,Thursday,20:15,DAL,NYG,20,15,5.5,45.0,NYG,Under,outdoors,1,MetLife Stadium
2024,4,2024-09-29,Sunday,13:00,NO,ATL,24,26,-2.5,41.5,NO,Over,closed,1,Mercedes-Benz Stadium
2024,4,2024-09-29,Sunday,13:00,CIN,CAR,34,24,4.5,47.0,CIN,Over,outdoors,0,Bank of America Stadium
2024,4,2024-09-29,Sunday,13:00,LA,CHI,18,24,-3.0,40.0,CHI,Over,outdoors,0,Soldier Field
2024,4,2024-09-29,Sunday,13:00,MIN,GB,31,29,-2.5,44.0,MIN,Over,outdoors,1,Lambeau Field
2024,4,2024-09-29,Sunday,13:00,JAX,HOU,20,24,-5.5,44.5,JAX,Under,closed,1,NRG Stadium
2024,4,2024-09-29,Sunday,13:00,PIT,IND,24,27,2.5,40.0,IND,Over,closed,0,Lucas Oil Stadium
2024,4,2024-09-29,Sunday,13:00,DEN,NYJ,10,9,-7.5,39.5,DEN,Under,outdoors,0,MetLife Stadium
2024,4,2024-09-29,Sunday,13:00,PHI,TB,16,33,1.0,42.0,TB,Over,outdoors,0,Raymond James Stadium
2024,4,2024-09-29,Sunday,16:05,WAS,ARI,42,14,-3.5,49.0,WAS,Over,closed,0,State Farm Stadium
2024,4,2024-09-29,Sunday,16:05,NE,SF,13,30,-10.5,41.5,SF,Over,outdoors,0,Levi's Stadium
2024,4,2024-09-29,Sunday,16:25,KC,LAC,17,10,7.5,41.5,LAC,Under,dome,1,SoFi Stadium
2024,4,2024-09-29,Sunday,16:25,CLE,LV,16,20,2.5,36.5,LV,Under,dome,0,Allegiant Stadium
2024,4,2024-09-29,Sunday,20:20,BUF,BAL,10,35,-2.5,46.5,BAL,Under,outdoors,0,M&T Bank Stadium
2024,4,2024-09-30,Monday,19:30,TEN,MIA,31,12,-2.5,37.0,TEN,Over,outdoors,0,Hard Rock Stadium
2024,4,2024-09-30,Monday,20:15,SEA,DET,29,42,-3.5,46.5,DET,Over,dome,0,Ford Field
2024,5,2024-10-03,Thursday,20:15,TB,ATL,30,36,-2.5,44.0,ATL,Over,closed,1,Mercedes-Benz Stadium
2024,5,2024-10-06,Sunday,09:30,NYJ,MIN,17,23,-2.5,42.0,MIN,Under,outdoors,0,Tottenham Stadium
2024,5,2024-10-06,Sunday,13:00,CAR,CHI,10,36,-4.0,40.0,CHI,Over,outdoors,0,Soldier Field
2024,5,2024-10-06,Sunday,13:00,BAL,CIN,41,38,2.5,48.5,BAL,Over,outdoors,1,Paycor Stadium
2024,5,2024-10-06,Sunday,13:00,BUF,HOU,20,23,-1.0,48.0,HOU,Under,closed,0,NRG Stadium
2024,5,2024-10-06,Sunday,13:00,IND,JAX,34,37,-3.5,45.0,IND,Over,outdoors,1,TIAA Bank Stadium
2024,5,2024-10-06,Sunday,13:00,MIA,NE,15,10,2.0,37.0,MIA,Under,outdoors,1,Gillette Stadium
2024,5,2024-10-06,Sunday,13:00,CLE,WAS,13,34,-3.0,44.0,WAS,Over,outdoors,0,FedExField
2024,5,2024-10-06,Sunday,16:05,LV,DEN,18,34,-3.0,36.0,DEN,Over,outdoors,1,Empower Field at Mile High
2024,5,2024-10-06,Sunday,16:05,ARI,SF,24,23,-7.0,48.5,ARI,Under,outdoors,1,Levi's Stadium
2024,5,2024-10-06,Sunday,16:25,GB,LA,24,19,3.0,49.5,GB,Under,dome,0,SoFi Stadium
2024,5,2024-10-06,Sunday,16:25,NYG,SEA,29,20,-7.0,42.5,NYG,Over,outdoors,0,Lumen Field
2024,5,2024-10-06,Sunday,20:20,DAL,PIT,20,17,-2.5,43.5,DAL,Under,outdoors,0,Acrisure Stadium
2024,5,2024-10-07,Monday,20:15,NO,KC,13,26,-5.5,43.0,KC,Under,outdoors,0,GEHA Field at Arrowhead Stadium
2024,6,2024-10-10,Thursday,20:15,SF,SEA,36,24,3.5,49.0,SF,Over,outdoors,1,Lumen Field
2024,6,2024-10-13,Sunday,09:30,JAX,CHI,16,35,1.5,44.5,CHI,Over,outdoors,0,Tottenham Stadium
2024,6,2024-10-13,Sunday,13:00,WAS,BAL,23,30,-6.5,51.5,BAL,Over,outdoors,0,M&T Bank Stadium
2024,6,2024-10-13,Sunday,13:00,ARI,GB,13,34,-5.5,47.0,GB,Push,outdoors,0,Lambeau Field
2024,6,2024-10-13,Sunday,13:00,HOU,NE,41,21,6.5,38.5,HOU,Over,outdoors,0,Gillette Stadium
2024,6,2024-10-13,Sunday,13:00,TB,NO,51,27,3.5,42.5,TB,Over,dome,1,Mercedes-Benz Superdome
2024,6,2024-10-13,Sunday,13:00,CLE,PHI,16,20,-8.0,42.0,CLE,Under,outdoors,0,Lincoln Financial Field
2024,6,2024-10-13,Sunday,13:00,IND,TEN,20,17,-2.5,42.0,IND,Under,outdoors,1,Nissan Stadium
2024,6,2024-10-13,Sunday,16:05,LAC,DEN,23,16,3.0,37.0,LAC,Over,outdoors,1,Empower Field at Mile High
2024,6,2024-10-13,Sunday,16:05,PIT,LV,32,13,3.5,36.5,PIT,Over,dome,0,Allegiant Stadium
2024,6,2024-10-13,Sunday,16:25,ATL,CAR,38,20,6.0,45.5,ATL,Over,outdoors,1,Bank of America Stadium
2024,6,2024-10-13,Sunday,16:25,DET,DAL,47,9,3.5,52.5,DET,Over,closed,0,AT&T Stadium
2024,6,2024-10-13,Sunday,20:20,CIN,NYG,17,7,4.5,46.0,CIN,Under,outdoors,0,MetLife Stadium
2024,6,2024-10-14,Monday,20:15,BUF,NYJ,23,20,1.0,42.0,BUF,Over,outdoors,1,MetLife Stadium
2024,7,2024-10-17,Thursday,20:15,DEN,NO,33,10,2.5,37.0,DEN,Over,dome,0,Mercedes-Benz Superdome
2024,7,2024-10-20,Sunday,09:30,NE,JAX,16,32,-6.5,42.0,JAX,Over,outdoors,0,Wembley Stadium
2024,7,2024-10-20,Sunday,13:00,SEA,ATL,34,14,-3.0,51.5,SEA,Under,closed,0,Mercedes-Benz Stadium
2024,7,2024-10-20,Sunday,13:00,TEN,BUF,10,34,-9.5,41.0,BUF,Over,outdoors,0,New Era Field
2024,7,2024-10-20,Sunday,13:00,CIN,CLE,21,14,5.5,42.0,CIN,Under,outdoors,1,FirstEnergy Stadium
2024,7,2024-10-20,Sunday,13:00,HOU,GB,22,24,-3.0,48.0,HOU,Under,outdoors,0,Lambeau Field
2024,7,2024-10-20,Sunday,13:00,MIA,IND,10,16,-3.0,44.0,IND,Under,closed,0,Lucas Oil Stadium
2024,7,2024-10-20,Sunday,13:00,DET,MIN,31,29,-1.0,50.5,DET,Over,dome,1,U.S. Bank Stadium
2024,7,2024-10-20,Sunday,13:00,PHI,NYG,28,3,3.0,42.0,PHI,Under,outdoors,1,MetLife Stadium
2024,7,2024-10-20,Sunday,16:05,LV,LA,15,20,-7.0,43.0,LV,Under,dome,0,SoFi Stadium
2024,7,2024-10-20,Sunday,16:05,CAR,WAS,7,40,-10.0,51.0,WAS,Under,outdoors,0,FedExField
2024,7,2024-10-20,Sunday,16:25,KC,SF,28,18,-2.5,47.5,KC,Under,outdoors,0,Levi's Stadium
2024,7,2024-10-20,Sunday,20:20,NYJ,PIT,15,37,3.0,40.0,PIT,Over,outdoors,0,Acrisure Stadium
2024,7,2024-10-21,Monday,20:15,BAL,TB,41,31,4.5,51.0,BAL,Over,outdoors,0,Raymond James Stadium
2024,7,2024-10-21,Monday,21:00,LAC,ARI,15,17,1.0,44.0,ARI,Under,closed,0,State Farm Stadium
2024,8,2024-10-24,Thursday,20:15,MIN,LA,20,30,3.0,47.5,LA,Over,dome,0,SoFi Stadium
2024,8,2024-10-27,Sunday,13:00,PHI,CIN,37,17,-2.5,47.5,PHI,Over,outdoors,0,Paycor Stadium
2024,8,2024-10-27,Sunday,13:00,BAL,CLE,24,29,7.5,44.5,CLE,Over,outdoors,1,FirstEnergy Stadium
2024,8,2024-10-27,Sunday,13:00,TEN,DET,14,52,-12.5,45.0,DET,Over,dome,0,Ford Field
2024,8,2024-10-27,Sunday,13:00,IND,HOU,20,23,-5.0,45.0,IND,Under,closed,1,NRG Stadium
2024,8,2024-10-27,Sunday,13:00,GB,JAX,30,27,3.5,49.0,JAX,Over,outdoors,0,TIAA Bank Stadium
2024,8,2024-10-27,Sunday,13:00,ARI,MIA,28,27,-4.0,46.5,ARI,Over,outdoors,0,Hard Rock Stadium
2024,8,2024-10-27,Sunday,13:00,NYJ,NE,22,25,7.0,41.0,NE,Over,outdoors,1,Gillette Stadium
2024,8,2024-10-27,Sunday,13:00,ATL,TB,31,26,1.5,47.0,ATL,Over,outdoors,1,Raymond James Stadium
2024,8,2024-10-27,Sunday,16:05,NO,LAC,8,26,-7.0,41.5,LAC,Under,dome,0,SoFi Stadium
2024,8,2024-10-27,Sunday,16:05,BUF,SEA,31,10,3.0,45.5,BUF,Under,outdoors,0,Lumen Field
2024,8,2024-10-27,Sunday,16:25,CAR,DEN,14,28,-13.0,40.5,DEN,Over,outdoors,0,Empower Field at Mile High
2024,8,2024-10-27,Sunday,16:25,KC,LV,27,20,9.0,42.0,LV,Over,dome,1,Allegiant Stadium
2024,8,2024-10-27,Sunday,16:25,CHI,WAS,15,18,-1.5,46.5,WAS,Under,outdoors,0,FedExField
2024,8,2024-10-27,Sunday,20:20,DAL,SF,24,30,-5.5,48.0,SF,Over,outdoors,0,Levi's Stadium
2024,8,2024-10-28,Monday,20:15,NYG,PIT,18,26,-6.0,37.5,PIT,Over,outdoors,0,Acrisure Stadium
2024,9,2024-10-31,Thursday,20:15,HOU,NYJ,13,21,-2.5,43.5,NYJ,Under,outdoors,0,MetLife Stadium
2024,9,2024-11-03,Sunday,13:00,DAL,ATL,21,27,-3.0,52.0,ATL,Under,closed,0,Mercedes-Benz Stadium
2024,9,2024-11-03,Sunday,13:00,DEN,BAL,10,41,-9.0,46.5,BAL,Over,outdoors,0,M&T Bank Stadium
2024,9,2024-11-03,Sunday,13:00,MIA,BUF,27,30,-6.5,49.0,MIA,Over,outdoors,1,New Era Field
2024,9,2024-11-03,Sunday,13:00,NO,CAR,22,23,7.0,43.5,CAR,Over,outdoors,1,Bank of America Stadium
2024,9,2024-11-03,Sunday,13:00,LV,CIN,24,41,-8.0,45.0,CIN,Over,outdoors,0,Paycor Stadium
2024,9,2024-11-03,Sunday,13:00,LAC,CLE,27,10,2.0,42.5,LAC,Under,outdoors,0,FirstEnergy Stadium
2024,9,2024-11-03,Sunday,13:00,WAS,NYG,27,22,4.5,44.5,WAS,Over,outdoors,1,MetLife Stadium
2024,9,2024-11-03,Sunday,13:00,NE,TEN,17,20,-3.0,38.5,PUSH,Under,outdoors,0,Nissan Stadium
2024,9,2024-11-03,Sunday,16:05,CHI,ARI,9,29,-1.5,44.5,ARI,Under,closed,0,State Farm Stadium
2024,9,2024-11-03,Sunday,16:05,JAX,PHI,23,28,-7.5,46.0,JAX,Over,outdoors,0,Lincoln Financial Field
2024,9,2024-11-03,Sunday,16:25,DET,GB,24,14,2.5,47.5,DET,Under,outdoors,1,Lambeau Field
2024,9,2024-11-03,Sunday,16:25,LA,SEA,26,20,1.5,48.5,LA,Under,outdoors,1,Lumen Field
2024,9,2024-11-03,Sunday,20:20,IND,MIN,13,21,-6.5,47.0,MIN,Under,dome,0,U.S. Bank Stadium
2024,9,2024-11-04,Monday,20:15,TB,KC,24,30,-9.0,45.5,TB,Over,outdoors,0,GEHA Field at Arrowhead Stadium
2024,10,2024-11-07,Thursday,20:15,CIN,BAL,34,35,-6.0,53.0,CIN,Over,outdoors,1,M&T Bank Stadium
2024,10,2024-11-10,Sunday,09:30,NYG,CAR,17,20,6.5,40.5,CAR,Under,outdoors,0,Allianz Arena
2024,10,2024-11-10,Sunday,13:00,NE,CHI,19,3,-6.5,37.5,NE,Under,outdoors,0,Soldier Field
2024,10,2024-11-10,Sunday,13:00,BUF,IND,30,20,4.5,46.5,BUF,Over,closed,0,Lucas Oil Stadium
2024,10,2024-11-10,Sunday,13:00,MIN,JAX,12,7,7.0,42.5,JAX,Under,outdoors,0,TIAA Bank Stadium
2024,10,2024-11-10,Sunday,13:00,DEN,KC,14,16,-7.5,42.5,DEN,Under,outdoors,1,GEHA Field at Arrowhead Stadium
2024,10,2024-11-10,Sunday,13:00,ATL,NO,17,20,3.5,46.5,NO,Under,dome,1,Mercedes-Benz Superdome
2024,10,2024-11-10,Sunday,13:00,SF,TB,23,20,6.5,50.5,TB,Under,outdoors,0,Raymond James Stadium
2024,10,2024-11-10,Sunday,13:00,PIT,WAS,28,27,-1.5,45.0,PIT,Over,outdoors,0,FedExField
2024,10,2024-11-10,Sunday,16:05,TEN,LAC,17,27,-8.0,40.0,LAC,Over,dome,0,SoFi Stadium
2024,10,2024-11-10,Sunday,16:25,NYJ,ARI,6,31,2.0,45.5,ARI,Under,closed,0,State Farm Stadium
2024,10,2024-11-10,Sunday,16:25,PHI,DAL,34,6,7.5,44.5,PHI,Under,closed,1,AT&T Stadium
2024,10,2024-11-10,Sunday,20:20,DET,HOU,26,23,4.5,49.0,HOU,Push,closed,0,NRG Stadium
2024,10,2024-11-11,Monday,20:15,MIA,LA,23,15,-2.5,49.5,MIA,Under,dome,0,SoFi Stadium
2024,11,2024-11-14,Thursday,20:15,WAS,PHI,18,26,-4.5,49.5,PHI,Under,outdoors,1,Lincoln Financial Field
2024,11,2024-11-17,Sunday,13:00,GB,CHI,20,19,6.0,41.0,CHI,Under,outdoors,1,Soldier Field
2024,11,2024-11-17,Sunday,13:00,JAX,DET,6,52,-14.0,47.5,DET,Over,dome,0,Ford Field
2024,11,2024-11-17,Sunday,13:00,LV,MIA,19,34,-8.0,43.5,MIA,Over,outdoors,0,Hard Rock Stadium
2024,11,2024-11-17,Sunday,13:00,LA,NE,28,22,4.0,42.5,LA,Over,outdoors,0,Gillette Stadium
2024,11,2024-11-17,Sunday,13:00,CLE,NO,14,35,1.0,44.0,NO,Over,dome,0,Mercedes-Benz Superdome
2024,11,2024-11-17,Sunday,13:00,IND,NYJ,28,27,-4.0,43.0,IND,Over,outdoors,0,MetLife Stadium
2024,11,2024-11-17,Sunday,13:00,BAL,PIT,16,18,3.0,48.0,PIT,Under,outdoors,1,Acrisure Stadium
2024,11,2024-11-17,Sunday,13:00,MIN,TEN,23,13,6.0,40.0,MIN,Under,outdoors,0,Nissan Stadium
2024,11,2024-11-17,Sunday,16:05,ATL,DEN,6,38,-2.0,44.5,DEN,Under,outdoors,0,Empower Field at Mile High
2024,11,2024-11-17,Sunday,16:05,SEA,SF,20,17,-6.0,49.0,SEA,Under,outdoors,1,Levi's Stadium
2024,11,2024-11-17,Sunday,16:25,KC,BUF,21,30,-2.5,46.5,BUF,Over,outdoors,0,New Era Field
2024,11,2024-11-17,Sunday,20:20,CIN,LAC,27,34,-1.0,48.0,LAC,Over,dome,0,SoFi Stadium
2024,11,2024-11-18,Monday,20:15,HOU,DAL,34,10,7.5,41.5,HOU,Over,closed,0,AT&T Stadium
2024,12,2024-11-21,Thursday,20:15,PIT,CLE,19,24,3.5,36.5,CLE,Over,outdoors,1,FirstEnergy Stadium
2024,12,2024-11-24,Sunday,13:00,KC,CAR,30,27,11.0,43.0,CAR,Over,outdoors,0,Bank of America Stadium
2024,12,2024-11-24,Sunday,13:00,MIN,CHI,30,27,3.0,39.5,PUSH,Over,outdoors,1,Soldier Field
2024,12,2024-11-24,Sunday,13:00,TEN,HOU,32,27,-8.0,40.5,TEN,Over,closed,1,NRG Stadium
2024,12,2024-11-24,Sunday,13:00,DET,IND,24,6,7.0,50.5,DET,Under,closed,0,Lucas Oil Stadium
2024,12,2024-11-24,Sunday,13:00,NE,MIA,15,34,-7.5,46.0,MIA,Over,outdoors,1,Hard Rock Stadium
2024,12,2024-11-24,Sunday,13:00,TB,NYG,30,7,6.5,40.5,TB,Under,outdoors,0,MetLife Stadium
2024,12,2024-11-24,Sunday,13:00,DAL,WAS,34,26,-10.5,45.0,DAL,Over,outdoors,1,FedExField
2024,12,2024-11-24,Sunday,16:05,DEN,LV,29,19,6.5,41.5,DEN,Over,dome,1,Allegiant Stadium
2024,12,2024-11-24,Sunday,16:25,SF,GB,10,38,-6.5,44.5,GB,Over,outdoors,0,Lambeau Field
2024,12,2024-11-24,Sunday,16:25,ARI,SEA,6,16,1.0,46.5,SEA,Under,outdoors,1,Lumen Field
2024,12,2024-11-24,Sunday,20:20,PHI,LA,37,20,3.0,49.0,PHI,Over,dome,0,SoFi Stadium
2024,12,2024-11-25,Monday,20:15,BAL,LAC,30,23,3.0,51.0,BAL,Over,dome,0,SoFi Stadium
2024,13,2024-11-28,Thursday,12:30,CHI,DET,20,23,-9.5,47.5,CHI,Under,dome,1,Ford Field
2024,13,2024-11-28,Thursday,16:30,NYG,DAL,20,27,-4.5,39.0,DAL,Over,closed,1,AT&T Stadium
2024,13,2024-11-28,Thursday,20:20,MIA,GB,17,30,-3.5,47.5,GB,Under,outdoors,0,Lambeau Field
2024,13,2024-11-29,Friday,15:00,LV,KC,17,19,-13.5,42.0,LV,Under,outdoors,1,GEHA Field at Arrowhead Stadium
2024,13,2024-12-01,Sunday,13:00,LAC,ATL,17,13,1.0,47.0,LAC,Under,closed,0,Mercedes-Benz Stadium
2024,13,2024-12-01,Sunday,13:00,PIT,CIN,44,38,-3.0,46.0,PIT,Over,outdoors,1,Paycor Stadium
2024,13,2024-12-01,Sunday,13:00,HOU,JAX,23,20,3.5,44.5,JAX,Under,outdoors,1,TIAA Bank Stadium
2024,13,2024-12-01,Sunday,13:00,ARI,MIN,22,23,-3.5,45.5,ARI,Under,dome,0,U.S. Bank Stadium
2024,13,2024-12-01,Sunday,13:00,IND,NE,25,24,2.5,41.5,NE,Over,outdoors,0,Gillette Stadium
2024,13,2024-12-01,Sunday,13:00,SEA,NYJ,26,21,-1.0,41.5,SEA,Over,outdoors,0,MetLife Stadium
2024,13,2024-12-01,Sunday,13:00,TEN,WAS,19,42,-6.0,45.0,WAS,Over,outdoors,0,FedExField
2024,13,2024-12-01,Sunday,16:05,TB,CAR,26,23,6.5,46.0,CAR,Over,outdoors,1,Bank of America Stadium
2024,13,2024-12-01,Sunday,16:05,LA,NO,21,14,2.5,48.5,LA,Under,dome,0,Mercedes-Benz Superdome
2024,13,2024-12-01,Sunday,16:25,PHI,BAL,24,19,-3.0,50.0,PHI,Under,outdoors,0,M&T Bank Stadium
2024,13,2024-12-01,Sunday,20:20,SF,BUF,10,35,-6.5,45.0,BUF,Push,outdoors,0,New Era Field
2024,13,2024-12-02,Monday,20:15,CLE,DEN,32,41,-6.5,41.5,DEN,Over,outdoors,0,Empower Field at Mile High
2024,14,2024-12-05,Thursday,20:15,GB,DET,31,34,-3.0,53.0,PUSH,Over,dome,1,Ford Field
2024,14,2024-12-08,Sunday,13:00,NYJ,MIA,26,32,-6.5,45.0,NYJ,Over,outdoors,1,Hard Rock Stadium
2024,14,2024-12-08,Sunday,13:00,ATL,MIN,21,42,-6.0,46.5,MIN,Over,dome,0,U.S. Bank Stadium
2024,14,2024-12-08,Sunday,13:00,NO,NYG,14,11,5.5,41.0,NYG,Under,outdoors,0,MetLife Stadium
2024,14,2024-12-08,Sunday,13:00,CAR,PHI,16,22,-14.0,44.5,CAR,Under,outdoors,0,Lincoln Financial Field
2024,14,2024-12-08,Sunday,13:00,CLE,PIT,14,27,-6.0,43.0,PIT,Under,outdoors,1,Acrisure Stadium
2024,14,2024-12-08,Sunday,13:00,LV,TB,13,28,-7.0,47.0,TB,Under,outdoors,0,Raymond James Stadium
2024,14,2024-12-08,Sunday,13:00,JAX,TEN,10,6,-3.0,40.0,JAX,Under,outdoors,1,Nissan Stadium
2024,14,2024-12-08,Sunday,16:05,SEA,ARI,30,18,-3.0,45.5,SEA,Over,closed,1,State Farm Stadium
2024,14,2024-12-08,Sunday,16:25,BUF,LA,42,44,3.5,49.5,LA,Over,dome,0,SoFi Stadium
2024,14,2024-12-08,Sunday,16:25,CHI,SF,13,38,-3.0,43.5,SF,Over,outdoors,0,Levi's Stadium
2024,14,2024-12-08,Sunday,20:20,LAC,KC,17,19,-5.0,43.5,LAC,Under,outdoors,1,GEHA Field at Arrowhead Stadium
2024,14,2024-12-09,Monday,20:15,CIN,DAL,27,20,5.0,51.0,CIN,Under,closed,0,AT&T Stadium
2024,15,2024-12-12,Thursday,20:15,LA,SF,12,6,-3.0,48.5,LA,Under,outdoors,1,Levi's Stadium
2024,15,2024-12-15,Sunday,13:00,DAL,CAR,30,14,-2.5,42.0,DAL,Over,outdoors,0,Bank of America Stadium
2024,15,2024-12-15,Sunday,13:00,KC,CLE,21,7,4.5,41.5,KC,Under,outdoors,0,FirstEnergy Stadium
2024,15,2024-12-15,Sunday,13:00,MIA,HOU,12,20,-2.5,46.5,HOU,Under,closed,0,NRG Stadium
2024,15,2024-12-15,Sunday,13:00,NYJ,JAX,32,25,3.5,41.5,NYJ,Over,outdoors,0,TIAA Bank Stadium
2024,15,2024-12-15,Sunday,13:00,WAS,NO,20,19,7.5,44.5,NO,Under,dome,0,Mercedes-Benz Superdome
2024,15,2024-12-15,Sunday,13:00,BAL,NYG,35,14,16.5,43.5,BAL,Over,outdoors,0,MetLife Stadium
2024,15,2024-12-15,Sunday,13:00,CIN,TEN,37,27,6.0,46.5,CIN,Over,outdoors,0,Nissan Stadium
2024,15,2024-12-15,Sunday,16:25,NE,ARI,17,30,-6.0,46.5,ARI,Over,closed,0,State Farm Stadium
2024,15,2024-12-15,Sunday,16:25,IND,DEN,13,31,-4.5,43.5,DEN,Over,outdoors,0,Empower Field at Mile High
2024,15,2024-12-15,Sunday,16:25,BUF,DET,48,42,-2.5,55.5,BUF,Over,dome,0,Ford Field
2024,15,2024-12-15,Sunday,16:25,TB,LAC,40,17,-3.0,46.0,TB,Over,dome,0,SoFi Stadium
2024,15,2024-12-15,Sunday,16:25,PIT,PHI,13,27,-5.5,43.0,PHI,Under,outdoors,0,Lincoln Financial Field
2024,15,2024-12-15,Sunday,20:20,GB,SEA,30,13,3.0,48.0,GB,Under,outdoors,0,Lumen Field
2024,15,2024-12-16,Monday,20:00,CHI,MIN,12,30,-7.0,43.5,MIN,Under,dome,1,U.S. Bank Stadium
2024,15,2024-12-16,Monday,20:30,ATL,LV,15,9,6.5,44.5,LV,Under,dome,0,Allegiant Stadium
2024,16,2024-12-19,Thursday,20:15,DEN,LAC,27,34,-3.0,41.5,LAC,Over,dome,1,SoFi Stadium
2024,16,2024-12-21,Saturday,13:00,HOU,KC,19,27,-3.5,42.5,KC,Over,outdoors,0,GEHA Field at Arrowhead Stadium
2024,16,2024-12-21,Saturday,16:30,PIT,BAL,17,34,-7.0,44.5,BAL,Over,outdoors,1,M&T Bank Stadium
2024,16,2024-12-22,Sunday,13:00,NYG,ATL,7,34,-9.5,42.5,ATL,Under,closed,0,Mercedes-Benz Stadium
2024,16,2024-12-22,Sunday,13:00,ARI,CAR,30,36,5.5,47.0,CAR,Over,outdoors,0,Bank of America Stadium
2024,16,2024-12-22,Sunday,13:00,DET,CHI,34,17,7.0,47.5,DET,Over,outdoors,1,Soldier Field
2024,16,2024-12-22,Sunday,13:00,CLE,CIN,6,24,-10.0,46.5,CIN,Under,outdoors,1,Paycor Stadium
2024,16,2024-12-22,Sunday,13:00,TEN,IND,30,38,-4.0,42.5,IND,Over,closed,1,Lucas Oil Stadium
2024,16,2024-12-22,Sunday,13:00,LA,NYJ,19,9,3.0,47.0,LA,Under,outdoors,0,MetLife Stadium
2024,16,2024-12-22,Sunday,13:00,PHI,WAS,33,36,4.0,47.0,WAS,Over,outdoors,1,FedExField
2024,16,2024-12-22,Sunday,16:05,MIN,SEA,27,24,2.5,43.0,MIN,Over,outdoors,0,Lumen Field
2024,16,2024-12-22,Sunday,16:25,NE,BUF,21,24,-14.0,48.0,NE,Under,outdoors,1,New Era Field
2024,16,2024-12-22,Sunday,16:25,JAX,LV,14,19,-2.5,41.5,LV,Under,dome,0,Allegiant Stadium
2024,16,2024-12-22,Sunday,16:25,SF,MIA,17,29,2.0,44.0,MIA,Over,outdoors,0,Hard Rock Stadium
2024,16,2024-12-22,Sunday,20:20,TB,DAL,24,26,4.5,47.5,DAL,Over,closed,0,AT&T Stadium
2024,16,2024-12-23,Monday,20:15,NO,GB,0,34,-14.0,44.0,GB,Under,outdoors,0,Lambeau Field
2024,17,2024-12-25,Wednesday,13:00,KC,PIT,29,10,3.0,43.5,KC,Under,outdoors,0,Acrisure Stadium
2024,17,2024-12-25,Wednesday,16:30,BAL,HOU,31,2,5.5,46.5,BAL,Under,closed,0,NRG Stadium
2024,17,2024-12-26,Thursday,20:15,SEA,CHI,6,3,3.5,43.5,CHI,Under,outdoors,0,Soldier Field
2024,17,2024-12-28,Saturday,13:00,LAC,NE,40,7,6.0,42.0,LAC,Over,outdoors,0,Gillette Stadium
2024,17,2024-12-28,Saturday,16:30,DEN,CIN,24,30,-3.5,50.5,CIN,Over,outdoors,0,Paycor Stadium
2024,17,2024-12-28,Saturday,20:15,ARI,LA,9,13,-6.5,48.0,ARI,Under,dome,1,SoFi Stadium
2024,17,2024-12-29,Sunday,13:00,NYJ,BUF,14,40,-10.0,44.5,BUF,Over,outdoors,1,New Era Field
2024,17,2024-12-29,Sunday,13:00,TEN,JAX,13,20,1.0,38.0,JAX,Under,outdoors,1,TIAA Bank Stadium
2024,17,2024-12-29,Sunday,13:00,LV,NO,25,10,2.0,37.5,LV,Under,dome,0,Mercedes-Benz Superdome
2024,17,2024-12-29,Sunday,13:00,IND,NYG,33,45,7.5,40.5,NYG,Over,outdoors,0,MetLife Stadium
2024,17,2024-12-29,Sunday,13:00,DAL,PHI,7,41,-7.5,37.5,PHI,Over,outdoors,1,Lincoln Financial Field
2024,17,2024-12-29,Sunday,13:00,CAR,TB,14,48,-9.5,47.5,TB,Over,outdoors,1,Raymond James Stadium
2024,17,2024-12-29,Sunday,16:05,MIA,CLE,20,3,3.0,32.5,MIA,Under,outdoors,0,FirstEnergy Stadium
2024,17,2024-12-29,Sunday,16:25,GB,MIN,25,27,1.0,49.0,MIN,Over,dome,1,U.S. Bank Stadium
2024,17,2024-12-29,Sunday,20:20,ATL,WAS,24,30,-3.5,46.5,WAS,Over,outdoors,0,FedExField
2024,17,2024-12-30,Monday,20:15,DET,SF,40,34,4.0,50.5,DET,Over,outdoors,0,Levi's Stadium
2024,18,2025-01-04,Saturday,16:30,CLE,BAL,10,35,-19.5,42.5,BAL,Over,outdoors,1,M&T Bank Stadium
2024,18,2025-01-04,Saturday,20:00,CIN,PIT,19,17,2.5,48.5,PIT,Under,outdoors,1,Acrisure Stadium
2024,18,2025-01-05,Sunday,13:00,CAR,ATL,44,38,-7.5,48.5,CAR,Over,closed,1,Mercedes-Benz Stadium
2024,18,2025-01-05,Sunday,13:00,WAS,DAL,23,19,7.0,43.5,DAL,Under,closed,1,AT&T Stadium
2024,18,2025-01-05,Sunday,13:00,CHI,GB,24,22,-10.0,41.5,CHI,Over,outdoors,1,Lambeau Field
2024,18,2025-01-05,Sunday,13:00,JAX,IND,23,26,-3.5,45.5,JAX,Over,closed,1,Lucas Oil Stadium
2024,18,2025-01-05,Sunday,13:00,BUF,NE,16,23,3.0,36.5,NE,Over,outdoors,1,Gillette Stadium
2024,18,2025-01-05,Sunday,13:00,NYG,PHI,13,20,-3.0,36.5,PHI,Under,outdoors,1,Lincoln Financial Field
2024,18,2025-01-05,Sunday,13:00,NO,TB,19,27,-14.5,44.5,NO,Over,outdoors,1,Raymond James Stadium
2024,18,2025-01-05,Sunday,13:00,HOU,TEN,23,14,-2.5,36.5,HOU,Over,outdoors,1,Nissan Stadium
2024,18,2025-01-05,Sunday,16:25,SF,ARI,24,47,-4.5,42.5,ARI,Over,closed,1,State Farm Stadium
2024,18,2025-01-05,Sunday,16:25,KC,DEN,0,38,-10.5,40.5,DEN,Under,outdoors,1,Empower Field at Mile High
2024,18,2025-01-05,Sunday,16:25,SEA,LA,30,25,7.5,38.5,LA,Over,dome,1,SoFi Stadium
2024,18,2025-01-05,Sunday,16:25,LAC,LV,34,20,7.0,42.5,LAC,Over,dome,1,Allegiant Stadium
2024,18,2025-01-05,Sunday,16:25,MIA,NYJ,20,32,-1.5,39.5,NYJ,Over,outdoors,1,MetLife Stadium
2024,18,2025-01-05,Sunday,20:20,MIN,DET,9,31,-3.0,56.5,DET,Under,dome,1,Ford Field
2025,1,2025-09-04,Thursday,20:20,DAL,PHI,20,24,-8.5,47.5,DAL,Under,outdoors,1,Lincoln Financial Field
2025,1,2025-09-05,Friday,20:00,KC,LAC,21,27,3.0,47.5,LAC,Over,dome,1,SoFi Stadium
2025,1,2025-09-07,Sunday,13:00,TB,ATL,23,20,1.5,47.5,TB,Under,closed,1,Mercedes-Benz Stadium
2025,1,2025-09-07,Sunday,13:00,CIN,CLE,17,16,5.5,47.5,CLE,Under,outdoors,1,FirstEnergy Stadium
2025,1,2025-09-07,Sunday,13:00,MIA,IND,8,33,-1.5,47.5,IND,Under,closed,0,Lucas Oil Stadium
2025,1,2025-09-07,Sunday,13:00,CAR,JAX,10,26,-4.5,45.5,JAX,Under,outdoors,0,TIAA Bank Stadium
2025,1,2025-09-07,Sunday,13:00,LV,NE,20,13,-2.5,44.5,LV,Under,outdoors,0,Gillette Stadium
2025,1,2025-09-07,Sunday,13:00,ARI,NO,20,13,6.0,44.5,ARI,Under,dome,0,Mercedes-Benz Superdome
2025,1,2025-09-07,Sunday,13:00,PIT,NYJ,34,32,3.0,37.5,NYJ,Over,outdoors,0,MetLife Stadium
2025,1,2025-09-07,Sunday,13:00,NYG,WAS,6,21,-6.0,45.5,WAS,Under,outdoors,1,FedExField
2025,1,2025-09-07,Sunday,16:05,TEN,DEN,12,20,-8.5,42.5,TEN,Under,outdoors,0,Empower Field at Mile High
2025,1,2025-09-07,Sunday,16:05,SF,SEA,17,13,2.5,43.5,SF,Under,outdoors,1,Lumen Field
2025,1,2025-09-07,Sunday,16:25,DET,GB,13,27,-1.5,48.5,GB,Under,outdoors,1,Lambeau Field
2025,1,2025-09-07,Sunday,16:25,HOU,LA,9,14,-3.5,43.5,LA,Under,dome,0,SoFi Stadium
2025,1,2025-09-07,Sunday,20:20,BAL,BUF,40,41,1.5,50.5,BUF,Over,outdoors,0,New Era Field
2025,1,2025-09-08,Monday,20:15,MIN,CHI,27,24,1.5,43.5,MIN,Over,outdoors,1,Soldier Field
2025,2,2025-09-11,Thursday,20:15,WAS,GB,18,27,-3.5,48.5,GB,Under,outdoors,0,Lambeau Field
2025,2,2025-09-14,Sunday,13:00,CLE,BAL,17,41,-12.5,46.5,BAL,Over,outdoors,1,M&T Bank Stadium
2025,2,2025-09-14,Sunday,13:00,JAX,CIN,27,31,-3.5,49.5,CIN,Over,outdoors,0,Paycor Stadium
2025,2,2025-09-14,Sunday,13:00,NYG,DAL,37,40,-4.5,44.5,NYG,Over,closed,1,AT&T Stadium
2025,2,2025-09-14,Sunday,13:00,CHI,DET,21,52,-6.0,46.5,DET,Over,dome,1,Ford Field
2025,2,2025-09-14,Sunday,13:00,NE,MIA,33,27,-1.5,43.5,NE,Over,outdoors,1,Hard Rock Stadium
2025,2,2025-09-14,Sunday,13:00,SF,NO,26,21,3.0,40.5,SF,Over,dome,0,Mercedes-Benz Superdome
2025,2,2025-09-14,Sunday,13:00,BUF,NYJ,30,10,6.0,47.5,BUF,Under,outdoors,1,MetLife Stadium
2025,2,2025-09-14,Sunday,13:00,SEA,PIT,31,17,-3.5,40.5,SEA,Over,outdoors,0,Acrisure Stadium
2025,2,2025-09-14,Sunday,13:00,LA,TEN,33,19,5.5,41.5,LA,Over,outdoors,0,Nissan Stadium
2025,2,2025-09-14,Sunday,16:05,CAR,ARI,22,27,-7.0,45.5,CAR,Over,closed,0,State Farm Stadium
2025,2,2025-09-14,Sunday,16:05,DEN,IND,28,29,2.5,43.5,IND,Over,closed,0,Lucas Oil Stadium
2025,2,2025-09-14,Sunday,16:25,PHI,KC,20,17,1.5,46.5,PHI,Under,outdoors,0,GEHA Field at Arrowhead Stadium
2025,2,2025-09-14,Sunday,20:20,ATL,MIN,22,6,-3.5,44.5,ATL,Under,dome,0,U.S. Bank Stadium
2025,2,2025-09-15,Monday,19:00,TB,HOU,20,19,-2.5,42.5,TB,Under,closed,0,NRG Stadium
2025,2,2025-09-15,Monday,22:00,LAC,LV,20,9,3.5,46.5,LAC,Under,dome,1,Allegiant Stadium
2025,3,2025-09-18,Thursday,20:15,MIA,BUF,21,31,-12.5,50.5,MIA,Over,outdoors,1,New Era Field
2025,3,2025-09-21,Sunday,13:00,ATL,CAR,0,30,5.5,44.5,CAR,Under,outdoors,1,Bank of America Stadium
2025,3,2025-09-21,Sunday,13:00,GB,CLE,10,13,8.5,41.5,CLE,Under,outdoors,0,FirstEnergy Stadium
2025,3,2025-09-21,Sunday,13:00,HOU,JAX,10,17,-1.5,43.5,JAX,Under,outdoors,1,TIAA Bank Stadium
2025,3,2025-09-21,Sunday,13:00,CIN,MIN,10,48,-3.0,41.5,MIN,Over,dome,0,U.S. Bank Stadium
2025,3,2025-09-21,Sunday,13:00,PIT,NE,21,14,1.5,44.5,PIT,Under,outdoors,0,Gillette Stadium
2025,3,2025-09-21,Sunday,13:00,LA,PHI,26,33,-3.5,45.5,PHI,Over,outdoors,0,Lincoln Financial Field
2025,3,2025-09-21,Sunday,13:00,NYJ,TB,27,29,-6.5,43.5,NYJ,Over,outdoors,0,Raymond James Stadium
2025,3,2025-09-21,Sunday,13:00,IND,TEN,41,20,6.0,43.5,IND,Over,outdoors,1,Nissan Stadium
2025,3,2025-09-21,Sunday,13:00,LV,WAS,24,41,-2.5,43.5,WAS,Over,outdoors,0,FedExField
2025,3,2025-09-21,Sunday,16:05,DEN,LAC,20,23,-2.5,45.5,LAC,Under,dome,1,SoFi Stadium
2025,3,2025-09-21,Sunday,16:05,NO,SEA,13,44,-7.5,41.5,SEA,Over,outdoors,0,Lumen Field
2025,3,2025-09-21,Sunday,16:25,DAL,CHI,14,31,1.5,49.5,CHI,Under,outdoors,0,Soldier Field
2025,3,2025-09-21,Sunday,16:25,ARI,SF,15,16,-1.5,44.5,ARI,Under,outdoors,1,Levi's Stadium
2025,3,2025-09-21,Sunday,20:20,KC,NYG,22,9,6.0,44.5,KC,Under,outdoors,0,MetLife Stadium
2025,3,2025-09-22,Monday,20:15,DET,BAL,38,30,-4.5,53.5,DET,Over,outdoors,0,M&T Bank Stadium
2025,4,2025-09-25,Thursday,20:15,SEA,ARI,23,20,1.5,43.5,SEA,Under,closed,1,State Farm Stadium
2025,4,2025-09-28,Sunday,09:30,MIN,PIT,21,24,2.5,41.5,PIT,Over,outdoors,0,Acrisure Stadium
2025,4,2025-09-28,Sunday,13:00,WAS,ATL,27,34,-2.5,43.5,ATL,Over,closed,0,Mercedes-Benz Stadium
2025,4,2025-09-28,Sunday,13:00,NO,BUF,19,31,-15.5,48.5,NO,Over,outdoors,0,New Era Field
2025,4,2025-09-28,Sunday,13:00,CLE,DET,10,34,-10.0,44.5,DET,Under,dome,0,Ford Field
2025,4,2025-09-28,Sunday,13:00,TEN,HOU,0,26,-7.5,39.5,HOU,Under,closed,1,NRG Stadium
2025,4,2025-09-28,Sunday,13:00,CAR,NE,13,42,-5.5,42.5,NE,Over,outdoors,0,Gillette Stadium
2025,4,2025-09-28,Sunday,13:00,LAC,NYG,18,21,6.0,43.5,NYG,Under,outdoors,0,MetLife Stadium
2025,4,2025-09-28,Sunday,13:00,PHI,TB,31,25,3.5,44.5,PHI,Over,outdoors,0,Raymond James Stadium
2025,4,2025-09-28,Sunday,16:05,IND,LA,20,27,-3.5,49.5,LA,Under,dome,0,SoFi Stadium
2025,4,2025-09-28,Sunday,16:05,JAX,SF,26,21,-3.5,45.5,JAX,Over,outdoors,0,Levi's Stadium
2025,4,2025-09-28,Sunday,16:25,BAL,KC,20,37,2.5,48.5,KC,Over,outdoors,0,GEHA Field at Arrowhead Stadium
2025,4,2025-09-28,Sunday,16:25,CHI,LV,25,24,-1.5,47.5,CHI,Over,dome,0,Allegiant Stadium
2025,4,2025-09-28,Sunday,20:20,GB,DAL,40,40,7.0,47.5,DAL,Over,closed,0,AT&T Stadium
2025,4,2025-09-29,Monday,19:15,NYJ,MIA,21,27,-2.5,44.5,MIA,Over,outdoors,1,Hard Rock Stadium
2025,4,2025-09-29,Monday,20:15,CIN,DEN,3,28,-7.5,44.5,DEN,Under,outdoors,0,Empower Field at Mile High
2025,5,2025-10-02,Thursday,20:15,SF,LA,26,23,-8.5,43.5,SF,Over,dome,1,SoFi Stadium
2025,5,2025-10-05,Sunday,09:30,MIN,CLE,21,17,3.5,35.5,MIN,Over,outdoors,0,FirstEnergy Stadium
2025,5,2025-10-05,Sunday,13:00,HOU,BAL,44,10,2.5,41.5,HOU,Over,outdoors,0,M&T Bank Stadium
2025,5,2025-10-05,Sunday,13:00,MIA,CAR,24,27,1.5,44.5,CAR,Over,outdoors,0,Bank of America Stadium
2025,5,2025-10-05,Sunday,13:00,LV,IND,6,40,-7.0,46.5,IND,Under,closed,0,Lucas Oil Stadium
2025,5,2025-10-05,Sunday,13:00,NYG,NO,14,26,-1.5,41.5,NO,Under,dome,0,Mercedes-Benz Superdome
2025,5,2025-10-05,Sunday,13:00,DAL,NYJ,37,22,-1.5,48.5,DAL,Over,outdoors,0,MetLife Stadium
2025,5,2025-10-05,Sunday,13:00,DEN,PHI,21,17,-3.5,44.5,DEN,Under,outdoors,0,Lincoln Financial Field
2025,5,2025-10-05,Sunday,16:05,TEN,ARI,22,21,-7.5,41.5,TEN,Over,closed,0,State Farm Stadium
2025,5,2025-10-05,Sunday,16:05,TB,SEA,38,35,-3.5,44.5,TB,Over,outdoors,0,Lumen Field
2025,5,2025-10-05,Sunday,16:25,DET,CIN,37,24,10.5,49.5,DET,Over,outdoors,0,Paycor Stadium
2025,5,2025-10-05,Sunday,16:25,WAS,LAC,27,10,-2.5,47.5,WAS,Under,dome,0,SoFi Stadium
2025,5,2025-10-05,Sunday,20:20,NE,BUF,23,20,-7.5,49.5,NE,Under,outdoors,1,New Era Field
2025,5,2025-10-06,Monday,20:15,KC,JAX,28,31,3.5,45.5,JAX,Over,outdoors,0,TIAA Bank Stadium
2025,6,2025-10-09,Thursday,20:15,PHI,NYG,17,34,7.0,40.5,NYG,Over,outdoors,1,MetLife Stadium
2025,6,2025-10-12,Sunday,09:30,DEN,NYJ,13,11,7.5,43.5,NYJ,Under,outdoors,0,MetLife Stadium
2025,6,2025-10-12,Sunday,13:00,LA,BAL,17,3,7.0,43.5,LA,Under,outdoors,0,M&T Bank Stadium
2025,6,2025-10-12,Sunday,13:00,DAL,CAR,27,30,3.0,47.5,CAR,Over,outdoors,0,Bank of America Stadium
2025,6,2025-10-12,Sunday,13:00,ARI,IND,27,31,-8.5,46.5,ARI,Over,closed,0,Lucas Oil Stadium
2025,6,2025-10-12,Sunday,13:00,SEA,JAX,20,12,1.5,47.5,SEA,Under,outdoors,0,TIAA Bank Stadium
2025,6,2025-10-12,Sunday,13:00,LAC,MIA,29,27,3.5,45.5,MIA,Over,outdoors,0,Hard Rock Stadium
2025,6,2025-10-12,Sunday,13:00,NE,NO,25,19,3.5,46.5,NE,Under,dome,0,Mercedes-Benz Superdome
2025,6,2025-10-12,Sunday,13:00,CLE,PIT,9,23,-5.5,37.5,PIT,Under,outdoors,1,Acrisure Stadium
2025,6,2025-10-12,Sunday,16:05,TEN,LV,10,20,-3.5,41.5,LV,Under,dome,0,Allegiant Stadium
2025,6,2025-10-12,Sunday,16:25,CIN,GB,18,27,-14.0,44.5,CIN,Over,outdoors,0,Lambeau Field
2025,6,2025-10-12,Sunday,16:25,SF,TB,19,30,-3.5,46.5,TB,Over,outdoors,0,Raymond James Stadium
2025,6,2025-10-12,Sunday,20:20,DET,KC,17,30,-2.5,51.5,KC,Under,outdoors,0,GEHA Field at Arrowhead Stadium
2025,6,2025-10-13,Monday,19:15,BUF,ATL,14,24,3.5,49.5,ATL,Under,closed,0,Mercedes-Benz Stadium
2025,6,2025-10-13,Monday,20:15,CHI,WAS,25,24,-5.5,49.5,CHI,Under,outdoors,0,FedExField
2025,7,2025-10-16,Thursday,20:15,PIT,CIN,31,33,5.5,45.5,CIN,Over,outdoors,1,Paycor Stadium
2025,7,2025-10-19,Sunday,09:30,LA,JAX,35,7,3.0,44.5,LA,Under,outdoors,0,TIAA Bank Stadium
2025,7,2025-10-19,Sunday,13:00,NO,CHI,14,26,-4.5,43.5,CHI,Under,outdoors,0,Soldier Field
2025,7,2025-10-19,Sunday,13:00,MIA,CLE,6,31,-2.5,34.5,CLE,Over,outdoors,0,FirstEnergy Stadium
2025,7,2025-10-19,Sunday,13:00,LV,KC,0,31,-13.5,44.5,KC,Under,outdoors,1,GEHA Field at Arrowhead Stadium
2025,7,2025-10-19,Sunday,13:00,PHI,MIN,28,22,2.5,43.5,PHI,Over,dome,0,U.S. Bank Stadium
2025,7,2025-10-19,Sunday,13:00,CAR,NYJ,13,6,-1.5,39.5,CAR,Under,outdoors,0,MetLife Stadium
2025,7,2025-10-19,Sunday,13:00,NE,TEN,31,13,6.5,40.5,NE,Over,outdoors,0,Nissan Stadium
2025,7,2025-10-19,Sunday,16:05,NYG,DEN,32,33,-7.5,39.5,NYG,Over,outdoors,0,Empower Field at Mile High
2025,7,2025-10-19,Sunday,16:05,IND,LAC,38,24,-2.5,48.5,IND,Over,dome,0,SoFi Stadium
2025,7,2025-10-19,Sunday,16:25,GB,ARI,27,23,7.0,44.5,ARI,Over,closed,0,State Farm Stadium
2025,7,2025-10-19,Sunday,16:25,WAS,DAL,22,44,-1.5,54.5,DAL,Over,closed,1,AT&T Stadium
2025,7,2025-10-19,Sunday,20:20,ATL,SF,10,20,-1.5,46.5,SF,Under,outdoors,0,Levi's Stadium
2025,7,2025-10-20,Monday,19:00,TB,DET,9,24,-6.0,54.5,DET,Under,dome,0,Ford Field
2025,7,2025-10-20,Monday,22:00,HOU,SEA,19,27,-3.0,41.5,SEA,Over,outdoors,0,Lumen Field
2025,8,2025-10-23,Thursday,20:15,MIN,LAC,10,37,-3.0,45.5,LAC,Over,dome,0,SoFi Stadium
2025,8,2025-10-26,Sunday,13:00,MIA,ATL,34,10,-7.0,44.5,MIA,Under,closed,0,Mercedes-Benz Stadium
2025,8,2025-10-26,Sunday,13:00,CHI,BAL,16,30,-2.5,45.5,BAL,Over,outdoors,0,M&T Bank Stadium
2025,8,2025-10-26,Sunday,13:00,BUF,CAR,40,9,7.0,47.5,BUF,Over,outdoors,0,Bank of America Stadium
2025,8,2025-10-26,Sunday,13:00,NYJ,CIN,39,38,-5.5,43.5,NYJ,Over,outdoors,0,Paycor Stadium
2025,8,2025-10-26,Sunday,13:00,SF,HOU,15,26,-2.5,41.5,HOU,Under,closed,0,NRG Stadium
2025,8,2025-10-26,Sunday,13:00,CLE,NE,13,32,-7.0,40.5,NE,Over,outdoors,0,Gillette Stadium
2025,8,2025-10-26,Sunday,13:00,NYG,PHI,20,38,-7.0,43.5,PHI,Over,outdoors,1,Lincoln Financial Field
2025,8,2025-10-26,Sunday,16:05,TB,NO,23,3,4.5,46.5,TB,Under,dome,1,Mercedes-Benz Superdome
2025,8,2025-10-26,Sunday,16:25,DAL,DEN,24,44,-3.5,51.5,DEN,Over,outdoors,0,Empower Field at Mile High
2025,8,2025-10-26,Sunday,16:25,TEN,IND,14,38,-15.5,47.5,IND,Over,closed,1,Lucas Oil Stadium
2025,8,2025-10-26,Sunday,20:20,GB,PIT,35,25,3.0,46.5,GB,Over,outdoors,0,Acrisure Stadium
2025,8,2025-10-27,Monday,20:15,WAS,KC,7,28,-10.5,48.5,KC,Under,outdoors,0,GEHA Field at Arrowhead Stadium
2025,9,2025-10-30,Thursday,20:15,BAL,MIA,28,6,7.5,51.5,BAL,Under,outdoors,0,Hard Rock Stadium
2025,9,2025-11-02,Sunday,13:00,CHI,CIN,47,42,3.0,51.5,CHI,Over,outdoors,0,Paycor Stadium
2025,9,2025-11-02,Sunday,13:00,MIN,DET,27,24,-9.5,47.5,MIN,Over,dome,1,Ford Field
2025,9,2025-11-02,Sunday,13:00,CAR,GB,16,13,-12.5,43.5,CAR,Under,outdoors,0,Lambeau Field
2025,9,2025-11-02,Sunday,13:00,DEN,HOU,18,15,-1.5,40.5,DEN,Under,closed,0,NRG Stadium
2025,9,2025-11-02,Sunday,13:00,ATL,NE,23,24,-5.5,45.5,ATL,Over,outdoors,0,Gillette Stadium
2025,9,2025-11-02,Sunday,13:00,SF,NYG,34,24,2.5,47.5,SF,Over,outdoors,0,MetLife Stadium
2025,9,2025-11-02,Sunday,13:00,IND,PIT,20,27,3.5,51.5,PIT,Under,outdoors,0,Acrisure Stadium
2025,9,2025-11-02,Sunday,13:00,LAC,TEN,27,20,10.0,44.5,TEN,Over,outdoors,0,Nissan Stadium
2025,9,2025-11-02,Sunday,16:05,NO,LA,10,34,-14.0,44.5,LA,Under,dome,0,SoFi Stadium
2025,9,2025-11-02,Sunday,16:05,JAX,LV,30,29,2.5,43.5,LV,Over,dome,0,Allegiant Stadium
2025,9,2025-11-02,Sunday,16:25,KC,BUF,21,28,2.5,53.5,BUF,Under,outdoors,0,New Era Field
2025,9,2025-11-02,Sunday,20:20,SEA,WAS,38,14,2.5,47.5,SEA,Over,outdoors,0,FedExField
2025,9,2025-11-03,Monday,20:15,ARI,DAL,27,17,-3.5,53.5,ARI,Under,closed,0,AT&T Stadium
2025,10,2025-11-06,Thursday,20:15,LV,DEN,7,10,-9.5,42.5,LV,Under,outdoors,1,Empower Field at Mile High
2025,10,2025-11-09,Sunday,09:30,ATL,IND,25,31,-6.5,48.5,ATL,Over,closed,0,Lucas Oil Stadium
2025,10,2025-11-09,Sunday,13:00,NO,CAR,17,7,-5.5,38.5,NO,Under,outdoors,1,Bank of America Stadium
2025,10,2025-11-09,Sunday,13:00,NYG,CHI,20,24,-4.5,45.5,NYG,Under,outdoors,0,Soldier Field
2025,10,2025-11-09,Sunday,13:00,JAX,HOU,29,36,1.5,37.5,HOU,Over,closed,1,NRG Stadium
2025,10,2025-11-09,Sunday,13:00,BUF,MIA,13,30,8.5,50.5,MIA,Under,outdoors,1,Hard Rock Stadium
2025,10,2025-11-09,Sunday,13:00,BAL,MIN,27,19,4.5,48.5,BAL,Under,dome,0,U.S. Bank Stadium
2025,10,2025-11-09,Sunday,13:00,CLE,NYJ,20,27,1.5,37.5,NYJ,Over,outdoors,0,MetLife Stadium
2025,10,2025-11-09,Sunday,13:00,NE,TB,28,23,-2.5,48.5,NE,Over,outdoors,0,Raymond James Stadium
2025,10,2025-11-09,Sunday,16:05,ARI,SEA,22,44,-7.0,44.5,SEA,Over,outdoors,1,Lumen Field
2025,10,2025-11-09,Sunday,16:25,LA,SF,42,26,5.5,49.5,LA,Over,outdoors,1,Levi's Stadium
2025,10,2025-11-09,Sunday,16:25,DET,WAS,44,22,8.5,49.5,DET,Over,outdoors,0,FedExField
2025,10,2025-11-09,Sunday,20:20,PIT,LAC,10,25,-3.0,45.5,LAC,Under,dome,0,SoFi Stadium
2025,10,2025-11-10,Monday,20:15,PHI,GB,10,7,-1.5,45.5,PHI,Under,outdoors,0,Lambeau Field
2025,11,2025-11-13,Thursday,20:15,NYJ,NE,14,27,-12.5,43.5,NE,Under,outdoors,1,Gillette Stadium
2025,11,2025-11-16,Sunday,09:30,WAS,MIA,13,16,-2.5,47.5,MIA,Under,outdoors,0,Hard Rock Stadium
2025,11,2025-11-16,Sunday,13:00,CAR,ATL,30,27,-4.5,42.5,CAR,Over,closed,1,Mercedes-Benz Stadium
2025,11,2025-11-16,Sunday,13:00,TB,BUF,32,44,-6.0,46.5,BUF,Over,outdoors,0,New Era Field
2025,11,2025-11-16,Sunday,13:00,LAC,JAX,6,35,3.0,43.5,JAX,Under,outdoors,0,TIAA Bank Stadium
2025,11,2025-11-16,Sunday,13:00,CHI,MIN,19,17,-3.0,47.5,CHI,Under,dome,1,U.S. Bank Stadium
2025,11,2025-11-16,Sunday,13:00,GB,NYG,27,20,7.5,41.5,NYG,Over,outdoors,0,MetLife Stadium
2025,11,2025-11-16,Sunday,13:00,CIN,PIT,12,34,-5.5,48.5,PIT,Under,outdoors,1,Acrisure Stadium
2025,11,2025-11-16,Sunday,13:00,HOU,TEN,16,13,5.5,37.5,TEN,Under,outdoors,1,Nissan Stadium
2025,11,2025-11-16,Sunday,16:05,SF,ARI,41,22,3.5,48.5,SF,Over,closed,1,State Farm Stadium
2025,11,2025-11-16,Sunday,16:05,SEA,LA,19,21,-3.0,49.5,SEA,Under,dome,1,SoFi Stadium
2025,11,2025-11-16,Sunday,16:25,BAL,CLE,23,16,7.5,37.5,CLE,Over,outdoors,1,FirstEnergy Stadium
2025,11,2025-11-16,Sunday,16:25,KC,DEN,19,22,3.5,44.5,DEN,Under,outdoors,1,Empower Field at Mile High
2025,11,2025-11-16,Sunday,20:20,DET,PHI,9,16,-2.5,46.5,PHI,Under,outdoors,0,Lincoln Financial Field
2025,11,2025-11-17,Monday,20:15,DAL,LV,33,16,3.5,48.5,DAL,Over,dome,0,Allegiant Stadium
2025,12,2025-11-20,Thursday,20:15,BUF,HOU,19,23,5.5,43.5,HOU,Under,closed,0,NRG Stadium
2025,12,2025-11-23,Sunday,13:00,NYJ,BAL,10,23,-14.0,44.5,NYJ,Under,outdoors,0,M&T Bank Stadium
2025,12,2025-11-23,Sunday,13:00,PIT,CHI,28,31,-3.0,46.5,PUSH,Over,outdoors,0,Soldier Field
2025,12,2025-11-23,Sunday,13:00,NE,CIN,26,20,7.5,50.5,CIN,Under,outdoors,0,Paycor Stadium
2025,12,2025-11-23,Sunday,13:00,NYG,DET,27,34,-14.0,50.5,NYG,Over,dome,0,Ford Field
2025,12,2025-11-23,Sunday,13:00,MIN,GB,6,23,-6.5,41.5,GB,Under,outdoors,1,Lambeau Field
2025,12,2025-11-23,Sunday,13:00,IND,KC,20,23,-3.5,50.5,IND,Under,outdoors,0,GEHA Field at Arrowhead Stadium
2025,12,2025-11-23,Sunday,13:00,SEA,TEN,30,24,12.5,41.5,TEN,Over,outdoors,0,Nissan Stadium
2025,12,2025-11-23,Sunday,16:05,JAX,ARI,27,24,2.5,47.5,JAX,Over,closed,0,State Farm Stadium
2025,12,2025-11-23,Sunday,16:05,CLE,LV,24,10,-3.0,35.5,CLE,Under,dome,0,Allegiant Stadium
2025,12,2025-11-23,Sunday,16:25,PHI,DAL,21,24,3.0,47.5,DAL,Under,closed,1,AT&T Stadium
2025,12,2025-11-23,Sunday,16:25,ATL,NO,24,10,-1.5,41.5,ATL,Under,dome,1,Mercedes-Benz Superdome
2025,12,2025-11-23,Sunday,20:20,TB,LA,7,34,-7.0,49.5,LA,Under,dome,0,SoFi Stadium
2025,12,2025-11-24,Monday,20:15,CAR,SF,9,20,-7.5,48.5,SF,Under,outdoors,0,Levi's Stadium
2025,13,2025-11-27,Thursday,13:00,GB,DET,31,24,-2.5,48.5,GB,Over,dome,1,Ford Field
2025,13,2025-11-27,Thursday,16:30,KC,DAL,28,31,3.5,53.5,DAL,Over,closed,0,AT&T Stadium
2025,13,2025-11-27,Thursday,20:20,CIN,BAL,32,14,-7.0,52.5,CIN,Under,outdoors,1,M&T Bank Stadium
2025,13,2025-11-28,Friday,15:00,CHI,PHI,24,15,-7.0,43.5,CHI,Under,outdoors,0,Lincoln Financial Field
2025,13,2025-11-30,Sunday,13:00,LA,CAR,28,31,10.0,44.5,CAR,Over,outdoors,0,Bank of America Stadium
2025,13,2025-11-30,Sunday,13:00,SF,CLE,26,8,5.5,35.5,SF,Under,outdoors,0,FirstEnergy Stadium
2025,13,2025-11-30,Sunday,13:00,HOU,IND,20,16,-3.0,44.5,HOU,Under,closed,1,Lucas Oil Stadium
2025,13,2025-11-30,Sunday,13:00,NO,MIA,17,21,-5.5,41.5,NO,Under,outdoors,0,Hard Rock Stadium
2025,13,2025-11-30,Sunday,13:00,ATL,NYJ,24,27,3.0,38.5,NYJ,Over,outdoors,0,MetLife Stadium
2025,13,2025-11-30,Sunday,13:00,ARI,TB,17,20,-4.5,44.5,ARI,Under,outdoors,0,Raymond James Stadium
2025,13,2025-11-30,Sunday,13:00,JAX,TEN,25,3,6.0,42.5,JAX,Under,outdoors,1,Nissan Stadium
2025,13,2025-11-30,Sunday,16:05,MIN,SEA,0,26,-12.5,42.5,SEA,Under,outdoors,0,Lumen Field
2025,13,2025-11-30,Sunday,16:25,LV,LAC,14,31,-10.0,40.5,LAC,Over,dome,1,SoFi Stadium
2025,13,2025-11-30,Sunday,16:25,BUF,PIT,26,7,3.0,44.5,BUF,Under,outdoors,0,Acrisure Stadium
2025,13,2025-11-30,Sunday,20:20,DEN,WAS,27,26,6.5,43.5,WAS,Over,outdoors,0,FedExField
2025,13,2025-12-01,Monday,20:15,NYG,NE,15,33,-7.0,46.5,NE,Over,outdoors,0,Gillette Stadium
2025,14,2025-12-04,Thursday,20:15,DAL,DET,30,44,-3.5,55.5,DET,Over,dome,0,Ford Field
2025,14,2025-12-07,Sunday,13:00,SEA,ATL,37,9,7.0,44.5,SEA,Over,closed,0,Mercedes-Benz Stadium
2025,14,2025-12-07,Sunday,13:00,PIT,BAL,27,22,-5.5,43.5,PIT,Over,outdoors,1,M&T Bank Stadium
2025,14,2025-12-07,Sunday,13:00,CIN,BUF,34,39,-6.0,54.5,CIN,Over,outdoors,0,New Era Field
2025,14,2025-12-07,Sunday,13:00,TEN,CLE,31,29,-4.5,33.5,TEN,Over,outdoors,0,FirstEnergy Stadium
2025,14,2025-12-07,Sunday,13:00,IND,JAX,19,36,2.5,44.5,JAX,Over,outdoors,1,TIAA Bank Stadium
2025,14,2025-12-07,Sunday,13:00,WAS,MIN,0,31,1.5,43.5,MIN,Under,dome,0,U.S. Bank Stadium
2025,14,2025-12-07,Sunday,13:00,MIA,NYJ,34,10,2.5,41.5,MIA,Over,outdoors,1,MetLife Stadium
2025,14,2025-12-07,Sunday,13:00,NO,TB,24,20,-7.5,41.5,NO,Over,outdoors,1,Raymond James Stadium
2025,14,2025-12-07,Sunday,16:05,DEN,LV,24,17,8.5,40.5,LV,Over,dome,1,Allegiant Stadium
2025,14,2025-12-07,Sunday,16:25,LA,ARI,45,17,9.5,49.5,LA,Over,closed,1,State Farm Stadium
2025,14,2025-12-07,Sunday,16:25,CHI,GB,21,28,-6.5,44.5,GB,Over,outdoors,1,Lambeau Field
2025,14,2025-12-07,Sunday,20:20,HOU,KC,20,10,-4.5,41.5,HOU,Under,outdoors,0,GEHA Field at Arrowhead Stadium
2025,14,2025-12-08,Monday,20:15,PHI,LAC,19,22,1.5,41.5,LAC,Under,dome,0,SoFi Stadium
2025,15,2025-12-11,Thursday,20:15,ATL,TB,29,28,-6.0,43.5,ATL,Over,outdoors,1,Raymond James Stadium
2025,15,2025-12-14,Sunday,13:00,CLE,CHI,3,31,-7.5,38.5,CHI,Under,outdoors,0,Soldier Field
2025,15,2025-12-14,Sunday,13:00,BAL,CIN,24,0,2.5,51.5,BAL,Under,outdoors,1,Paycor Stadium
2025,15,2025-12-14,Sunday,13:00,ARI,HOU,20,40,-10.5,42.5,HOU,Over,closed,0,NRG Stadium
2025,15,2025-12-14,Sunday,13:00,NYJ,JAX,20,48,-13.5,40.5,JAX,Over,outdoors,0,TIAA Bank Stadium
2025,15,2025-12-14,Sunday,13:00,LAC,KC,16,13,-5.5,41.5,LAC,Under,outdoors,1,GEHA Field at Arrowhead Stadium
2025,15,2025-12-14,Sunday,13:00,BUF,NE,35,31,2.5,49.5,BUF,Over,outdoors,1,Gillette Stadium
2025,15,2025-12-14,Sunday,13:00,WAS,NYG,29,21,-2.5,46.5,WAS,Over,outdoors,1,MetLife Stadium
2025,15,2025-12-14,Sunday,13:00,LV,PHI,0,31,-12.5,37.5,PHI,Under,outdoors,0,Lincoln Financial Field
2025,15,2025-12-14,Sunday,16:25,GB,DEN,26,34,1.5,42.5,DEN,Over,outdoors,0,Empower Field at Mile High
2025,15,2025-12-14,Sunday,16:25,DET,LA,34,41,-5.5,54.5,LA,Over,dome,0,SoFi Stadium
2025,15,2025-12-14,Sunday,16:25,CAR,NO,17,20,2.5,41.5,NO,Under,dome,1,Mercedes-Benz Superdome
2025,15,2025-12-14,Sunday,16:25,IND,SEA,16,18,-13.5,41.5,IND,Under,outdoors,0,Lumen Field
2025,15,2025-12-14,Sunday,16:25,TEN,SF,24,37,-12.5,44.5,SF,Over,outdoors,0,Levi's Stadium
2025,15,2025-12-14,Sunday,20:20,MIN,DAL,34,26,-5.5,47.5,MIN,Over,closed,0,AT&T Stadium
2025,15,2025-12-15,Monday,20:15,MIA,PIT,15,28,-3.0,42.5,PIT,Over,outdoors,0,Acrisure Stadium
2025,16,2025-12-18,Thursday,20:15,LA,SEA,37,38,-1.5,42.5,LA,Over,outdoors,1,Lumen Field
2025,16,2025-12-20,Saturday,17:00,PHI,WAS,29,18,7.0,43.5,PHI,Over,outdoors,1,FedExField
2025,16,2025-12-20,Saturday,20:20,GB,CHI,16,22,-1.5,45.5,CHI,Under,outdoors,1,Soldier Field
2025,16,2025-12-21,Sunday,13:00,TB,CAR,20,23,3.0,44.5,CAR,Under,outdoors,1,Bank of America Stadium
2025,16,2025-12-21,Sunday,13:00,BUF,CLE,23,20,10.5,41.5,CLE,Over,outdoors,0,FirstEnergy Stadium
2025,16,2025-12-21,Sunday,13:00,LAC,DAL,34,17,-1.5,50.5,LAC,Over,closed,0,AT&T Stadium
2025,16,2025-12-21,Sunday,13:00,CIN,MIA,45,21,3.5,48.5,CIN,Over,outdoors,0,Hard Rock Stadium
2025,16,2025-12-21,Sunday,13:00,NYJ,NO,6,29,-6.5,39.5,NO,Under,dome,0,Mercedes-Benz Superdome
2025,16,2025-12-21,Sunday,13:00,MIN,NYG,16,13,2.5,41.5,MIN,Under,outdoors,0,MetLife Stadium
2025,16,2025-12-21,Sunday,13:00,KC,TEN,9,26,3.5,37.5,TEN,Under,outdoors,0,Nissan Stadium
2025,16,2025-12-21,Sunday,16:05,ATL,ARI,26,19,2.5,48.5,ATL,Under,closed,0,State Farm Stadium
2025,16,2025-12-21,Sunday,16:05,JAX,DEN,34,20,-3.5,46.5,JAX,Over,outdoors,0,Empower Field at Mile High
2025,16,2025-12-21,Sunday,16:25,PIT,DET,29,24,-7.5,52.5,PIT,Over,dome,0,Ford Field
2025,16,2025-12-21,Sunday,16:25,LV,HOU,21,23,-14.5,39.5,LV,Over,closed,0,NRG Stadium
2025,16,2025-12-21,Sunday,20:20,NE,BAL,28,24,-3.5,48.5,NE,Over,outdoors,0,M&T Bank Stadium
2025,16,2025-12-22,Monday,20:15,SF,IND,48,27,4.5,46.5,SF,Over,closed,0,Lucas Oil Stadium
2025,17,2025-12-25,Thursday,13:00,DAL,WAS,30,23,8.5,50.5,WAS,Over,outdoors,1,FedExField
2025,17,2025-12-25,Thursday,16:30,DET,MIN,10,23,7.0,45.5,MIN,Under,dome,1,U.S. Bank Stadium
2025,17,2025-12-25,Thursday,20:15,DEN,KC,20,13,13.5,37.5,KC,Under,outdoors,1,GEHA Field at Arrowhead Stadium
2025,17,2025-12-27,Saturday,16:30,HOU,LAC,20,16,-1.5,40.5,HOU,Under,dome,0,SoFi Stadium
2025,17,2025-12-27,Saturday,20:00,BAL,GB,41,24,-2.5,38.5,BAL,Over,outdoors,0,Lambeau Field
2025,17,2025-12-28,Sunday,13:00,SEA,CAR,27,10,6.5,42.5,SEA,Under,outdoors,0,Bank of America Stadium
2025,17,2025-12-28,Sunday,13:00,ARI,CIN,14,37,-7.0,52.5,CIN,Under,outdoors,0,Paycor Stadium
2025,17,2025-12-28,Sunday,13:00,PIT,CLE,6,13,4.5,35.5,CLE,Under,outdoors,1,FirstEnergy Stadium
2025,17,2025-12-28,Sunday,13:00,JAX,IND,23,17,3.5,48.5,JAX,Under,closed,1,Lucas Oil Stadium
2025,17,2025-12-28,Sunday,13:00,TB,MIA,17,20,5.5,44.5,MIA,Under,outdoors,0,Hard Rock Stadium
2025,17,2025-12-28,Sunday,13:00,NE,NYJ,42,10,12.5,42.5,NE,Over,outdoors,1,MetLife Stadium
2025,17,2025-12-28,Sunday,13:00,NO,TEN,34,26,1.5,39.5,NO,Over,outdoors,0,Nissan Stadium
2025,17,2025-12-28,Sunday,16:05,NYG,LV,34,10,3.0,40.5,NYG,Over,dome,0,Allegiant Stadium
2025,17,2025-12-28,Sunday,16:25,PHI,BUF,13,12,-3.0,45.5,PHI,Under,outdoors,0,New Era Field
2025,17,2025-12-28,Sunday,20:20,CHI,SF,38,42,-3.5,51.5,SF,Over,outdoors,0,Levi's Stadium
2025,17,2025-12-29,Monday,20:15,LA,ATL,24,27,7.5,48.5,ATL,Over,closed,0,Mercedes-Benz Stadium
2025,18,2026-01-03,Saturday,16:30,CAR,TB,14,16,-3.0,43.5,CAR,Under,outdoors,1,Raymond James Stadium
2025,18,2026-01-03,Saturday,20:00,SEA,SF,13,3,2.5,47.5,SEA,Under,outdoors,1,Levi's Stadium
2025,18,2026-01-04,Sunday,13:00,NO,ATL,17,19,-4.5,43.5,NO,Under,closed,1,Mercedes-Benz Stadium
2025,18,2026-01-04,Sunday,13:00,CLE,CIN,20,18,-9.5,47.5,CLE,Under,outdoors,1,Paycor Stadium
2025,18,2026-01-04,Sunday,13:00,IND,HOU,30,38,-9.5,37.5,IND,Over,closed,1,NRG Stadium
2025,18,2026-01-04,Sunday,13:00,TEN,JAX,7,41,-12.5,46.5,JAX,Over,outdoors,1,TIAA Bank Stadium
2025,18,2026-01-04,Sunday,13:00,GB,MIN,3,16,-12.5,37.5,MIN,Under,dome,1,U.S. Bank Stadium
2025,18,2026-01-04,Sunday,13:00,DAL,NYG,17,34,3.0,50.5,NYG,Over,outdoors,1,MetLife Stadium
2025,18,2026-01-04,Sunday,16:25,NYJ,BUF,8,35,-12.5,39.5,BUF,Over,outdoors,1,New Era Field
2025,18,2026-01-04,Sunday,16:25,DET,CHI,19,16,-3.5,51.5,DET,Under,outdoors,1,Soldier Field
2025,18,2026-01-04,Sunday,16:25,LAC,DEN,3,19,-14.5,37.5,DEN,Under,outdoors,1,Empower Field at Mile High
2025,18,2026-01-04,Sunday,16:25,ARI,LA,20,37,-14.5,49.5,LA,Over,dome,1,SoFi Stadium
2025,18,2026-01-04,Sunday,16:25,KC,LV,12,14,3.5,36.5,LV,Under,dome,1,Allegiant Stadium
2025,18,2026-01-04,Sunday,16:25,MIA,NE,10,38,-14.0,44.5,NE,Over,outdoors,1,Gillette Stadium
2025,18,2026-01-04,Sunday,16:25,WAS,PHI,24,17,-3.0,38.5,WAS,Over,outdoors,1,Lincoln Financial Field
2025,18,2026-01-04,Sunday,20:20,BAL,PIT,24,26,4.5,41.5,PIT,Over,outdoors,1,Acrisure Stadium
2026,1,2026-09-09,Wednesday,20:20,NE,SEA,10,13,-3.5,44.5,NE,Under,outdoors,0,Lumen Field
2026,1,2026-09-10,Thursday,20:35,SF,LA,27,7,-3.5,47.5,SF,Under,dome,1,Melbourne Cricket Ground
2026,1,2026-09-13,Sunday,13:00,CHI,CAR,59,37,3.0,47.5,CHI,Over,outdoors,0,Bank of America Stadium
2026,1,2026-09-13,Sunday,13:00,TB,CIN,27,33,-3.5,50.5,CIN,Over,outdoors,0,Paycor Stadium
2026,1,2026-09-13,Sunday,13:00,NO,DET,30,31,-7.0,49.5,NO,Over,dome,0,Ford Field
2026,1,2026-09-13,Sunday,13:00,BUF,HOU,36,31,1.5,44.5,BUF,Over,closed,0,Reliant Stadium
2026,1,2026-09-13,Sunday,13:00,BAL,IND,41,23,3.0,48.5,BAL,Over,closed,0,Lucas Oil Stadium
2026,1,2026-09-13,Sunday,13:00,CLE,JAX,10,34,-8.5,40.5,JAX,Over,outdoors,0,EverBank Stadium
2026,1,2026-09-13,Sunday,13:00,ATL,PIT,13,20,-6.5,40.5,PIT,Under,outdoors,0,Acrisure Stadium
2026,1,2026-09-13,Sunday,13:00,NYJ,TEN,23,10,-1.5,39.5,NYJ,Under,outdoors,0,Nissan Stadium
2026,1,2026-09-13,Sunday,16:25,ARI,LAC,26,14,-8.5,47.5,ARI,Under,dome,0,SoFi Stadium
2026,1,2026-09-13,Sunday,16:25,MIA,LV,13,27,-3.0,40.5,LV,Under,dome,0,Allegiant Stadium
2026,1,2026-09-13,Sunday,16:25,GB,MIN,22,39,-1.5,46.5,MIN,Over,dome,1,U.S. Bank Stadium
2026,1,2026-09-13,Sunday,16:25,WAS,PHI,22,24,-6.0,43.5,WAS,Over,outdoors,1,Lincoln Financial Field
2026,1,2026-09-13,Sunday,20:20,DAL,NYG,20,28,3.0,47.5,NYG,Over,outdoors,1,MetLife Stadium
2026,1,2026-09-14,Monday,20:15,DEN,KC,10,31,-2.5,42.5,KC,Under,outdoors,1,GEHA Field at Arrowhead Stadium
2026,2,2026-09-17,Thursday,20:15,DET,BUF,31,41,-5.5,54.5,BUF,Over,outdoors,0,Highmark Stadium
2026,2,2026-09-20,Sunday,13:00,CAR,ATL,34,3,2.5,43.5,CAR,Under,closed,1,Mercedes-Benz Stadium
2026,2,2026-09-20,Sunday,13:00,NO,BAL,24,17,-8.5,45.5,NO,Under,outdoors,0,M&T Bank Stadium
2026,2,2026-09-20,Sunday,13:00,MIN,CHI,9,3,-4.5,46.5,MIN,Under,outdoors,1,Soldier Field
2026,2,2026-09-20,Sunday,13:00,CIN,HOU,20,6,-3.0,45.5,CIN,Under,closed,0,Reliant Stadium
2026,2,2026-09-20,Sunday,13:00,PIT,NE,3,20,-4.5,41.5,NE,Under,outdoors,0,Gillette Stadium
2026,2,2026-09-20,Sunday,13:00,GB,NYJ,20,17,3.5,44.5,NYJ,Under,outdoors,0,MetLife Stadium
2026,2,2026-09-20,Sunday,13:00,CLE,TB,23,19,-8.5,41.5,CLE,Over,outdoors,0,Raymond James Stadium
2026,2,2026-09-20,Sunday,13:00,PHI,TEN,24,20,7.5,39.5,TEN,Over,outdoors,0,Nissan Stadium
2026,2,2026-09-20,Sunday,16:05,JAX,DEN,13,20,-2.5,45.5,DEN,Under,outdoors,0,Empower Field at Mile High
2026,2,2026-09-20,Sunday,16:05,LV,LAC,26,14,-6.5,43.5,LV,Under,dome,1,SoFi Stadium
2026,2,2026-09-20,Sunday,16:25,SEA,ARI,31,7,3.5,40.5,SEA,Under,closed,1,State Farm Stadium
2026,2,2026-09-20,Sunday,16:25,WAS,DAL,20,37,-3.5,51.5,DAL,Over,closed,1,AT&T Stadium
2026,2,2026-09-20,Sunday,16:25,MIA,SF,13,35,-12.5,44.5,SF,Over,outdoors,0,Levi's Stadium
2026,2,2026-09-20,Sunday,20:20,IND,KC,30,33,-6.0,46.5,IND,Over,outdoors,0,GEHA Field at Arrowhead Stadium
2026,2,2026-09-21,Monday,20:15,NYG,LA,6,28,-6.5,47.5,LA,Under,dome,0,SoFi Stadium
2026,3,2026-09-24,Thursday,20:15,ATL,GB,35,14,-4.5,43.5,ATL,Over,outdoors,0,Lambeau Field
2026,3,2026-09-27,Sunday,13:00,LAC,BUF,,,-7.0,50.5,,,outdoors,0,Highmark Stadium
2026,3,2026-09-27,Sunday,13:00,CAR,CLE,,,2.5,42.5,,,outdoors,0,Huntington Bank Field
2026,3,2026-09-27,Sunday,13:00,NYJ,DET,,,-6.5,48.5,,,dome,0,Ford Field
2026,3,2026-09-27,Sunday,13:00,HOU,IND,,,1.5,42.5,,,,1,Lucas Oil Stadium
2026,3,2026-09-27,Sunday,13:00,NE,JAX,,,-3.0,46.5,,,outdoors,0,EverBank Stadium
2026,3,2026-09-27,Sunday,13:00,KC,MIA,,,10.0,45.5,,,outdoors,0,Hard Rock Stadium
2026,3,2026-09-27,Sunday,13:00,TEN,NYG,,,-2.5,37.5,,,outdoors,0,MetLife Stadium
2026,3,2026-09-27,Sunday,13:00,CIN,PIT,,,3.5,42.5,,,outdoors,1,Acrisure Stadium
2026,3,2026-09-27,Sunday,13:00,SEA,WAS,,,7.5,40.5,,,outdoors,0,Northwest Stadium
2026,3,2026-09-27,Sunday,16:05,ARI,SF,,,-8.5,47.5,,,outdoors,1,Levi's Stadium
2026,3,2026-09-27,Sunday,16:05,MIN,TB,,,1.5,42.5,,,outdoors,0,Raymond James Stadium
2026,3,2026-09-27,Sunday,16:25,BAL,DAL,,,3.5,53.5,,,,0,Maracana Stadium
2026,3,2026-09-27,Sunday,16:25,LV,NO,,,-3.0,43.5,,,dome,0,Caesars Superdome
2026,3,2026-09-27,Sunday,20:20,LA,DEN,,,2.5,44.5,,,outdoors,0,Empower Field at Mile High
2026,3,2026-09-28,Monday,20:15,PHI,CHI,,,3.5,42.5,,,outdoors,0,Soldier Field
2026,4,2026-10-01,Thursday,20:15,PIT,CLE,,,3.0,38.5,,,outdoors,1,Huntington Bank Field
2026,4,2026-10-04,Sunday,09:30,IND,WAS,,,4.5,46.5,,,outdoors,0,Tottenham Hotspur Stadium
2026,4,2026-10-04,Sunday,13:00,TEN,BAL,,,-10.5,44.5,,,outdoors,0,M&T Bank Stadium
2026,4,2026-10-04,Sunday,13:00,NE,BUF,,,-5.5,49.5,,,outdoors,1,Highmark Stadium
2026,4,2026-10-04,Sunday,13:00,NYJ,CHI,,,-3.0,43.5,,,outdoors,0,Soldier Field
2026,4,2026-10-04,Sunday,13:00,JAX,CIN,,,-3.0,49.5,,,outdoors,0,Paycor Stadium
2026,4,2026-10-04,Sunday,13:00,DAL,HOU,,,-3.0,47.5,,,,0,Reliant Stadium
2026,4,2026-10-04,Sunday,13:00,ARI,NYG,,,-2.5,43.5,,,outdoors,0,MetLife Stadium
2026,4,2026-10-04,Sunday,13:00,LA,PHI,,,1.5,45.5,,,outdoors,0,Lincoln Financial Field
2026,4,2026-10-04,Sunday,13:00,GB,TB,,,1.5,45.5,,,outdoors,0,Raymond James Stadium
2026,4,2026-10-04,Sunday,16:05,MIA,MIN,,,-10.5,42.5,,,dome,0,U.S. Bank Stadium
2026,4,2026-10-04,Sunday,16:25,KC,LV,,,6.0,45.5,,,dome,1,Allegiant Stadium
2026,4,2026-10-04,Sunday,16:25,LAC,SEA,,,-6.5,42.5,,,outdoors,0,Lumen Field
2026,4,2026-10-04,Sunday,16:25,DEN,SF,,,-3.0,45.5,,,outdoors,0,Levi's Stadium
2026,4,2026-10-04,Sunday,20:20,DET,CAR,,,3.0,49.5,,,outdoors,0,Bank of America Stadium
2026,4,2026-10-05,Monday,20:15,ATL,NO,,,-3.5,45.5,,,dome,1,Caesars Superdome
